air_conditioner_id,ApplStandard,MEPSComp,N-Standard,Model_No,Family Name,Brand,C-Dehumid_Rated,Configuration1,Configuration2,Configuration2-unitmount,Configuration3_Sink,Configuration3_Source,Country,C-Power_Inp_Rated,C-Sens_Cool_Rated,C-Total Cool Rated,Depth,H2_COP,H2_HeatPwrCapacity,H2_HeatPwrInput,Height,H-Power_Inp_Rated,H-Total Heat Rated,indoorType,EERtestAvg,COPtestAvg,Invert,Setting_cool,Pnoc,Pnoh,VSCP_EER50,VSCP_COP50,eermepslev,AnnualOutputEER,AnnualOutputCOP,sri2010_cool,sri2010_heat,Star2010_Cool,Star2010_Heat,outdoortype,Phase,Refrigerant,Sold_in,Submit_ID,ExpDate,GrandDate,SubmitStatus,Type,Width,Product Class,Demand Response 1,Demand Response 2,Demand Response 4,Demand Response 5,Demand Response 6,Demand Response 7,PartNumber,EER,Availability Status,Product Website,Representative Brand URL,Variable Output Compressor,Star Image Large,Star Image Small,Registration Number,Update_year
0,GEMS (Air Conditioners and Heat Pumps) Determination 2013 [Non Multi-Split],MEPS Oct 2011,AS/NZS 3823.1.1:2012,WWF-55/QC5G,,MIDEA,1.22,Non Ducted,Window Wall,,Air,Air,China,1.73,4.28,5.5,780.0,0.0,,,428.0,1.47,4.7,Calorimeter Room,3.239,3.2409,False,,0.3,0.3,0.0,0.0,,3.23706763568613,3.23858942051594,1.9741,1.9772,1.5,1.5,Calorimeter Room,Single,R410A,"Australia,New Zealand",88745,2020-04-08,,Approved,Reverse Cycle,660.0,Class 1,False,,False,,,,,3.239,Available,,,False,,https://reg.energyrating.gov.au/static/common/images/star_ratings_2014/aircon_rating_1.5_1.5.png,AAC1503,2019
1,GEMS (Air Conditioners and Heat Pumps) Determination 2013 [Non Multi-Split],MEPS Oct 2011,AS/NZS 3823.1.1:2012,WWF-35/QC5G,,MIDEA,1.39,Non Ducted,Window Wall,,Air,Air,China,1.05,2.11,3.5,680.0,0.0,,,428.0,0.96,3.2,Calorimeter Room,3.2857,3.3229,False,,0.3,0.3,0.0,0.0,,3.28250148985452,3.31945386685256,2.065,2.1389,2.0,2.0,Calorimeter Room,Single,R410A,"Australia,New Zealand",88846,2020-04-09,,Approved,Reverse Cycle,660.0,Class 1,False,,False,,,,,3.2857,Available,,,False,,https://reg.energyrating.gov.au/static/common/images/star_ratings_2014/aircon_rating_2_2.png,AAC1505,2019
2,GEMS (Air Conditioners and Heat Pumps) Determination 2013 [Non Multi-Split],MEPS Oct 2011,AS/NZS 3823.1.1:2012,WWF-26/QC5G,,MIDEA,0.48,Non Ducted,Window Wall,,Air,Air,China,0.79,2.12,2.6,560.0,0.0,,,380.0,0.7,2.35,Calorimeter Room,3.2684,3.3674,False,,0.3,0.3,0.0,0.0,,3.2642367225996,3.36252219379754,2.0285,2.225,2.0,2.0,Calorimeter Room,Single,R410A,"Australia,New Zealand",88847,2020-04-08,,Approved,Reverse Cycle,600.0,Class 1,False,,False,,,,,3.2684,Available,,,False,,https://reg.energyrating.gov.au/static/common/images/star_ratings_2014/aircon_rating_2_2.png,AAC1502,2019
3,GEMS (Air Conditioners and Heat Pumps) Determination 2013 [Non Multi-Split],MEPS Oct 2011,AS/NZS 3823.1.1:2012,TAC-CW09,,TCL,0.45,Non Ducted,Window Wall,,Air,Air,China,0.79,2.15,2.6,,0.0,,,,0.73,2.4,Calorimeter Room,3.2246,3.4061,False,,2.0,2.0,0.0,0.0,,3.1971916050128297,3.37292435424354,1.8944,2.2458,1.5,2.0,Calorimeter Room,Single,R410A,"Australia,Fiji,New Zealand",91710,2020-07-14,,Approved,Reverse Cycle,,Class 1,False,,False,,,,,3.2246,Available,,,False,,https://reg.energyrating.gov.au/static/common/images/star_ratings_2014/aircon_rating_1.5_2.png,AAC1645,2019
4,GEMS (Air Conditioners and Heat Pumps) Determination 2013 [Non Multi-Split],MEPS Oct 2011,AS/NZS 3823.1.1:2012,TAC-CW13,,TCL,0.74,Non Ducted,Window Wall,,Air,Air,China,1.25,3.36,4.1,,0.0,,,,1.09,3.6,Calorimeter Room,3.1766,3.4927,False,,2.0,2.0,0.0,0.0,,3.15965221774194,3.47139397882106,1.8193,2.4428,1.5,2.0,Calorimeter Room,Single,R410A,"Australia,Fiji,New Zealand",91725,2020-11-26,,Approved,Reverse Cycle,,Class 1,False,,False,,,,,3.1766,Available,,,False,,https://reg.energyrating.gov.au/static/common/images/star_ratings_2014/aircon_rating_1.5_2.png,AAC1881,2019
5,GEMS (Air Conditioners and Heat Pumps) Determination 2013 [Non Multi-Split],MEPS Oct 2011,AS/NZS 3823.1.1:2012,TWW16CFCG,,TECO,0.16,Non Ducted,Window Wall,,Air,,China,0.48,1.44,1.6,580.0,0.0,0.0,0.0,350.0,0.0,0.0,Calorimeter Room,3.2941,0.0,False,0.0,0.0,0.0,0.0,0.0,,3.2941176470588194,0.0,2.0882,0.0,2.0,0.0,Calorimeter Room,Single,R32,"Australia,Fiji,New Zealand",99974,2021-10-05,,Approved,Cooling Only,450.0,Class 1,False,,False,,,,,3.2941,Available,http://www.gree.com.cn/,http://www.companyname.com,,https://reg.energyrating.gov.au/static/common/images/star_ratings_2014/Blue_EnergyStarRating_2_Star.eps,https://reg.energyrating.gov.au/static/common/images/star_ratings_2014/Blue_EnergyStarRating_2_Star.png,AAC2255,2019
6,GEMS (Air Conditioners and Heat Pumps) Determination 2013 [Non Multi-Split],MEPS Oct 2011,AS/NZS 3823.1.1:2012,TWW22HFCG,,TECO,0.29,Non Ducted,Window Wall,,Air,Air,China,0.66,1.91,2.2,668.0,0.0,0.0,0.0,375.0,0.57,1.9,Calorimeter Room,3.3017,3.346,False,0.0,0.8,0.8,0.0,0.0,,3.2882482304447596,3.3304551622055,2.0765,2.1609,2.0,2.0,Calorimeter Room,Single,R32,"Australia,Fiji,New Zealand",100945,2021-10-07,,Approved,Reverse Cycle,560.0,Class 1,False,,False,,,,,3.3017,Available,http://www.gree.com.cn/,http://www.companyname.com,,,https://reg.energyrating.gov.au/static/common/images/star_ratings_2014/aircon_rating_2_2.png,AAC2263,2019
7,GEMS (Air Conditioners and Heat Pumps) Determination 2013 [Non Multi-Split],MEPS Oct 2011,AS/NZS 3823.1.1:2012,TWW22CFCG,,TECO,0.25,Non Ducted,Window Wall,,Air,,China,0.66,1.95,2.2,668.0,0.0,0.0,0.0,375.0,0.0,0.0,Calorimeter Room,3.2824,0.0,False,0.0,0.8,0.0,0.0,0.0,,3.2693524572874906,0.0,2.0387,0.0,2.0,0.0,Calorimeter Room,Single,R32,"Australia,Fiji,New Zealand",100949,2021-10-05,,Approved,Cooling Only,560.0,Class 1,False,,False,,,,,3.2824,Available,http://www.gree.com.cn/,http://www.companyname.com,,https://reg.energyrating.gov.au/static/common/images/star_ratings_2014/Blue_EnergyStarRating_2_Star.eps,https://reg.energyrating.gov.au/static/common/images/star_ratings_2014/Blue_EnergyStarRating_2_Star.png,AAC2256,2019
8,GEMS (Air Conditioners and Heat Pumps) Determination 2013 [Non Multi-Split],MEPS Oct 2011,AS/NZS 3823.1.1:2012,TWW27HFCG,,TECO,0.57,Non Ducted,Window Wall,,Air,Air,China,0.81,2.13,2.7,668.0,0.0,0.0,0.0,375.0,0.74,2.45,Calorimeter Room,3.3236,3.4732,False,0.0,0.8,0.8,0.0,0.0,,3.31277848119618,3.4600619612069,2.1256,2.4201,2.0,2.0,Calorimeter Room,Single,R32,"Australia,Fiji,New Zealand",100971,2021-10-07,,Approved,Reverse Cycle,560.0,Class 1,False,,False,,,,,3.3236,Available,http://www.gree.com.cn/,http://www.companyname.com,,,https://reg.energyrating.gov.au/static/common/images/star_ratings_2014/aircon_rating_2_2.png,AAC2264,2019
9,GEMS (Air Conditioners and Heat Pumps) Determination 2013 [Non Multi-Split],MEPS Oct 2011,AS/NZS 3823.1.1:2012,TWW40HFCG,,TECO,0.85,Non Ducted,Window Wall,,Air,Air,China,1.18,3.05,3.9,700.0,0.0,0.0,0.0,428.0,1.09,3.6,Calorimeter Room,3.287,3.5059,False,0.0,0.8,0.8,0.0,0.0,,3.2796437963184304,3.4966062639119704,2.0593,2.4932,2.0,2.0,Calorimeter Room,Single,R32,"Australia,Fiji,New Zealand",100972,2021-10-05,,Approved,Reverse Cycle,660.0,Class 1,False,,False,,,,,3.287,Available,http://www.gree.com.cn/,http://www.companyname.com,,,https://reg.energyrating.gov.au/static/common/images/star_ratings_2014/aircon_rating_2_2.png,AAC2257,2019
10,GEMS (Air Conditioners and Heat Pumps) Determination 2013 [Non Multi-Split],MEPS Oct 2011,AS/NZS 3823.1.1:2012,TWW27CFCG,,TECO,0.57,Non Ducted,Window Wall,,Air,,China,0.81,2.13,2.7,668.0,0.0,0.0,0.0,375.0,0.0,0.0,Calorimeter Room,3.298,0.0,False,0.0,0.8,0.0,0.0,0.0,,3.2873789360630297,0.0,2.0748,0.0,2.0,0.0,Calorimeter Room,Single,R32,"Australia,Fiji,New Zealand",100973,2021-10-07,,Approved,Cooling Only,560.0,Class 1,False,,False,,,,,3.298,Available,http://www.gree.com.cn/,http://www.companyname.com,,https://reg.energyrating.gov.au/static/common/images/star_ratings_2014/Blue_EnergyStarRating_2_Star.eps,https://reg.energyrating.gov.au/static/common/images/star_ratings_2014/Blue_EnergyStarRating_2_Star.png,AAC2265,2019
11,GEMS (Air Conditioners and Heat Pumps) Determination 2013 [Non Multi-Split],MEPS Oct 2011,AS/NZS 3823.1.1:2012,TWW40CFCG,,TECO,0.81,Non Ducted,Window Wall,,Air,,China,1.18,3.09,3.9,700.0,0.0,0.0,0.0,428.0,0.0,0.0,Calorimeter Room,3.3076,0.0,False,0.0,0.8,0.0,0.0,0.0,,3.30014663632202,0.0,2.1003,0.0,2.0,0.0,Calorimeter Room,Single,R32,"Australia,Fiji,New Zealand",100974,2021-10-05,,Approved,Cooling Only,660.0,Class 1,False,,False,,,,,3.3076,Available,http://www.gree.com.cn/,http://www.companyname.com,,https://reg.energyrating.gov.au/static/common/images/star_ratings_2014/Blue_EnergyStarRating_2_Star.eps,https://reg.energyrating.gov.au/static/common/images/star_ratings_2014/Blue_EnergyStarRating_2_Star.png,AAC2258,2019
12,GEMS (Air Conditioners and Heat Pumps) Determination 2013 [Non Multi-Split],MEPS Oct 2011,AS/NZS 3823.1.1:2012,TWW53HFCG,,TECO,1.2,Non Ducted,Window Wall,,Air,Air,China,1.6,4.1,5.3,770.0,0.0,0.0,0.0,428.0,1.45,4.8,Calorimeter Room,3.283,3.2802,False,0.0,0.8,0.8,0.0,0.0,,3.27751720291977,3.27423798817015,2.055,2.0485,2.0,2.0,Calorimeter Room,Single,R32,"Australia,Fiji,New Zealand",100975,2021-10-07,,Approved,Reverse Cycle,660.0,Class 1,False,,False,,,,,3.283,Available,http://www.gree.com.cn/,http://www.companyname.com,,,https://reg.energyrating.gov.au/static/common/images/star_ratings_2014/aircon_rating_2_2.png,AAC2266,2019
13,GEMS (Air Conditioners and Heat Pumps) Determination 2013 [Non Multi-Split],MEPS Oct 2011,AS/NZS 3823.1.1:2012,TWW60HFCG,,TECO,1.6,Non Ducted,Window Wall,,Air,Air,China,1.81,4.4,6.0,770.0,0.0,0.0,0.0,428.0,1.69,5.5,Calorimeter Room,3.2816,3.2806,False,0.0,0.8,0.8,0.0,0.0,,3.27676450369391,3.2754867689242704,2.0535,2.051,2.0,2.0,Calorimeter Room,Single,R32,"Australia,Fiji,New Zealand",100976,2021-10-06,,Approved,Reverse Cycle,660.0,Class 1,False,,False,,,,,3.2816,Available,http://www.gree.com.cn/,http://www.companyname.com,,,https://reg.energyrating.gov.au/static/common/images/star_ratings_2014/aircon_rating_2_2.png,AAC2261,2019
14,GEMS (Air Conditioners and Heat Pumps) Determination 2013 [Non Multi-Split],MEPS Oct 2011,AS/NZS 3823.1.1:2012,TWW53CFCG,,TECO,1.18,Non Ducted,Window Wall,,Air,,China,1.6,4.12,5.3,770.0,0.0,0.0,0.0,428.0,0.0,0.0,Calorimeter Room,3.3415,0.0,False,0.0,0.8,0.0,0.0,0.0,,3.3358223491981,0.0,2.1716,0.0,2.0,0.0,Calorimeter Room,Single,R32,"Australia,Fiji",100977,2021-10-07,,Approved,Cooling Only,660.0,Class 1,False,,False,,,,,3.3415,Available,http://www.gree.com.cn/,http://www.companyname.com,,https://reg.energyrating.gov.au/static/common/images/star_ratings_2014/Blue_EnergyStarRating_2_Star.eps,https://reg.energyrating.gov.au/static/common/images/star_ratings_2014/Blue_EnergyStarRating_2_Star.png,AAC2267,2019
15,GEMS (Air Conditioners and Heat Pumps) Determination 2013 [Non Multi-Split],MEPS Oct 2011,AS/NZS 3823.1.1:2012,TWW60CFCG,,TECO,1.64,Non Ducted,Window Wall,,Air,,China,1.81,4.36,6.0,770.0,0.0,0.0,0.0,428.0,0.0,0.0,Calorimeter Room,3.28,0.0,False,0.0,0.8,0.0,0.0,0.0,,3.2752128780420398,0.0,2.0504,0.0,2.0,0.0,Calorimeter Room,Single,R32,"Australia,Fiji,New Zealand",100978,2021-10-06,,Approved,Cooling Only,660.0,Class 1,False,,False,,,,,3.28,Available,http://www.gree.com.cn/,http://www.companyname.com,,https://reg.energyrating.gov.au/static/common/images/star_ratings_2014/Blue_EnergyStarRating_2_Star.eps,https://reg.energyrating.gov.au/static/common/images/star_ratings_2014/Blue_EnergyStarRating_2_Star.png,AAC2260,2019
16,Greenhouse and Energy Minimum Standards (Air Conditioners and Heat Pumps) Determination 2012,MEPS 2011,AS/NZS 3823.3:2002,LNWR59X,LNWR59X**,LENNOX,1.4,Non Ducted,Window Wall,,Air,Air,China,1.83,4.6,6.0,770.0,0.0,0.0,0.0,428.0,1.76,5.5,Calorimeter Room,3.2779,3.1785,False,0.0,1.0,1.0,0.0,0.0,,3.2718496434382796,3.17245332643955,2.0437,1.8449,2.0,1.5,Calorimeter Room,Single,R410A,"Australia,New Zealand",108044,2022-07-10,,Approved,Reverse Cycle,660.0,Class 1,False,,False,,,,,3.2779,Available,http://www.gree.com/,http://www.lennoxaus.com.au,,,https://reg.energyrating.gov.au/static/common/images/star_ratings_2014/aircon_rating_2_1.5.png,AAC2610,2019
17,Greenhouse and Energy Minimum Standards (Air Conditioners and Heat Pumps) Determination 2012,MEPS 2011,AS/NZS 3823.3:2002,LNWR59X**,LNWR59X**,LENNOX,1.4,Non Ducted,Window Wall,,Air,Air,China,1.83,4.6,6.0,770.0,0.0,0.0,0.0,428.0,1.76,5.5,Calorimeter Room,3.2779,3.1785,False,0.0,1.0,1.0,0.0,0.0,,3.2718496434382796,3.17245332643955,2.0437,1.8449,2.0,1.5,Calorimeter Room,Single,R410A,"Australia,New Zealand",108044,2022-07-10,,Approved,Reverse Cycle,660.0,Class 1,False,,False,,,,,3.2779,Available,http://www.gree.com/,http://www.lennoxaus.com.au,,,https://reg.energyrating.gov.au/static/common/images/star_ratings_2014/aircon_rating_2_1.5.png,AAC2610,2019
18,Greenhouse and Energy Minimum Standards (Air Conditioners and Heat Pumps) Determination 2012,MEPS 2011,AS/NZS 3823.3:2002,LNWR59XV2,LNWR59X**,LENNOX,1.4,Non Ducted,Window Wall,,Air,Air,China,1.83,4.6,6.0,770.0,0.0,0.0,0.0,428.0,1.76,5.5,Calorimeter Room,3.2779,3.1785,False,0.0,1.0,1.0,0.0,0.0,,3.2718496434382796,3.17245332643955,2.0437,1.8449,2.0,1.5,Calorimeter Room,Single,R410A,"Australia,New Zealand",108044,2022-07-10,,Approved,Reverse Cycle,660.0,Class 1,False,,False,,,,,3.2779,Available,http://www.gree.com/,http://www.lennoxaus.com.au,,,https://reg.energyrating.gov.au/static/common/images/star_ratings_2014/aircon_rating_2_1.5.png,AAC2610,2019
19,Greenhouse and Energy Minimum Standards (Air Conditioners and Heat Pumps) Determination 2012,MEPS 2011,AS/NZS 3823.1.1:1998/Amdt 3:2006,LNWR53X,LNWR53X**,LENNOX,1.25,Non Ducted,Window Wall,,Air,Air,China,1.6,4.05,5.3,770.0,0.0,0.0,0.0,428.0,1.5,5.0,Calorimeter Room,3.2922,3.2599,False,0.0,1.0,1.0,0.0,0.0,,3.2853855713740803,3.25275805429455,2.0708,2.0055,2.0,2.0,Calorimeter Room,Single,R410A,"Australia,New Zealand",108045,2022-06-19,,Approved,Reverse Cycle,660.0,Class 1,False,,False,,,,,3.2922,Available,http://www.gree.com/,http://www.lennoxaus.com.au,,,https://reg.energyrating.gov.au/static/common/images/star_ratings_2014/aircon_rating_2_2.png,AAC2611,2019
20,Greenhouse and Energy Minimum Standards (Air Conditioners and Heat Pumps) Determination 2012,MEPS 2011,AS/NZS 3823.1.1:1998/Amdt 3:2006,LNWR53X**,LNWR53X**,LENNOX,1.25,Non Ducted,Window Wall,,Air,Air,China,1.6,4.05,5.3,770.0,0.0,0.0,0.0,428.0,1.5,5.0,Calorimeter Room,3.2922,3.2599,False,0.0,1.0,1.0,0.0,0.0,,3.2853855713740803,3.25275805429455,2.0708,2.0055,2.0,2.0,Calorimeter Room,Single,R410A,"Australia,New Zealand",108045,2022-06-19,,Approved,Reverse Cycle,660.0,Class 1,False,,False,,,,,3.2922,Available,http://www.gree.com/,http://www.lennoxaus.com.au,,,https://reg.energyrating.gov.au/static/common/images/star_ratings_2014/aircon_rating_2_2.png,AAC2611,2019
21,Greenhouse and Energy Minimum Standards (Air Conditioners and Heat Pumps) Determination 2012,MEPS 2011,AS/NZS 3823.1.1:1998/Amdt 3:2006,LNWR53XV2,LNWR53X**,LENNOX,1.25,Non Ducted,Window Wall,,Air,Air,China,1.6,4.05,5.3,770.0,0.0,0.0,0.0,428.0,1.5,5.0,Calorimeter Room,3.2922,3.2599,False,0.0,1.0,1.0,0.0,0.0,,3.2853855713740803,3.25275805429455,2.0708,2.0055,2.0,2.0,Calorimeter Room,Single,R410A,"Australia,New Zealand",108045,2022-06-19,,Approved,Reverse Cycle,660.0,Class 1,False,,False,,,,,3.2922,Available,http://www.gree.com/,http://www.lennoxaus.com.au,,,https://reg.energyrating.gov.au/static/common/images/star_ratings_2014/aircon_rating_2_2.png,AAC2611,2019
22,GEMS (Air Conditioners and Heat Pumps) Determination 2013 [Non Multi-Split],MEPS Oct 2011,AS/NZS 3823.1.1:2012,DCB09,,DIMPLEX,0.5,Non Ducted,Window Wall,,Air,Air,China,0.79,2.1,2.6,,0.0,0.0,0.0,,0.73,2.4,Calorimeter Room,3.2246,3.4061,False,0.0,2.0,2.0,0.0,0.0,,3.1971916050128297,3.37292435424354,1.8944,2.2458,1.5,2.0,Calorimeter Room,Single,R410A,Australia,109525,2022-08-11,,Approved,Reverse Cycle,,Class 1,False,,False,,,,,3.2246,Available,,http://www.dimplex.co.nz,,,https://reg.energyrating.gov.au/static/common/images/star_ratings_2014/aircon_rating_1.5_2.png,AAC2756,2019
23,GEMS (Air Conditioners and Heat Pumps) Determination 2013 [Non Multi-Split],MEPS Oct 2011,AS/NZS 3823.1.1:2012,DCB14,,DIMPLEX,0.8,Non Ducted,Window Wall,,Air,Air,China,1.25,3.3,4.1,,0.0,0.0,0.0,,1.09,3.6,Calorimeter Room,3.1766,3.4927,False,0.0,2.0,2.0,0.0,0.0,,3.15965221774194,3.47139397882106,1.8193,2.4428,1.5,2.0,Calorimeter Room,Single,R410A,Australia,109526,2022-08-11,,Approved,Reverse Cycle,,Class 1,False,,False,,,,,3.1766,Available,,http://www.dimplex.co.nz,,,https://reg.energyrating.gov.au/static/common/images/star_ratings_2014/aircon_rating_1.5_2.png,AAC2757,2019
24,GEMS (Air Conditioners and Heat Pumps) Determination 2013 [Non Multi-Split],MEPS Oct 2011,AS/NZS 3823.1.1:2012,TWW40CFBGJBB,,TECO,1.33,Non Ducted,Window Wall,,Air,,China,1.22,2.76,4.09,700.0,0.0,0.0,0.0,428.0,0.0,0.0,Calorimeter Room,3.3577,0.0,False,0.0,0.61,0.0,0.0,0.0,,3.35200069316721,0.0,2.204,0.0,2.0,0.0,Calorimeter Room,Single,R410A,"Australia,Fiji,New Zealand",109529,2022-10-31,,Approved,Cooling Only,660.0,Class 1,False,,False,,,,,3.3577,Available,http://www.gree.com.cn/,http://www.companyname.com,,https://reg.energyrating.gov.au/static/common/images/star_ratings_2014/Blue_EnergyStarRating_2_Star.eps,https://reg.energyrating.gov.au/static/common/images/star_ratings_2014/Blue_EnergyStarRating_2_Star.png,AAC2856,2019
25,GEMS (Air Conditioners and Heat Pumps) Determination 2013 [Non Multi-Split],MEPS Oct 2011,AS/NZS 3823.1.1:2012,TCLWB09,,TCL,0.5,Non Ducted,Window Wall,,Air,Air,China,0.79,2.1,2.6,,0.0,0.0,0.0,,0.73,2.4,Calorimeter Room,3.2246,3.4061,False,0.0,2.0,2.0,0.0,0.0,,3.1971916050128297,3.37292435424354,1.8944,2.2458,1.5,2.0,Calorimeter Room,Single,R410A,Australia,109865,2022-08-29,,Approved,Reverse Cycle,,Class 1,False,,False,,,,,3.2246,Available,,,,,https://reg.energyrating.gov.au/static/common/images/star_ratings_2014/aircon_rating_1.5_2.png,AAC2791,2019
26,GEMS (Air Conditioners and Heat Pumps) Determination 2013 [Non Multi-Split],MEPS Oct 2011,AS/NZS 3823.1.1:2012,TCLWB14,,TCL,0.8,Non Ducted,Window Wall,,Air,Air,China,1.25,3.3,4.1,,0.0,0.0,0.0,,1.09,3.6,Calorimeter Room,3.1766,3.4927,False,0.0,2.0,2.0,0.0,0.0,,3.15965221774194,3.47139397882106,1.8193,2.4428,1.5,2.0,Calorimeter Room,Single,R410A,Australia,109866,2022-09-01,,Approved,Reverse Cycle,,Class 1,False,,False,,,,,3.1766,Available,,,,,https://reg.energyrating.gov.au/static/common/images/star_ratings_2014/aircon_rating_1.5_2.png,AAC2805,2019
27,GEMS (Air Conditioners and Heat Pumps) Determination 2013 [Non Multi-Split],MEPS Oct 2011,AS/NZS 3823.1.1:2012,KWCF16D1S,,Braemar,0.16,Non Ducted,Window Wall,,Air,,China,0.48,1.44,1.6,,0.0,0.0,0.0,,0.0,0.0,Calorimeter Room,3.2941,0.0,False,0.0,0.0,0.0,0.0,0.0,,3.2941176470588194,0.0,2.0882,0.0,2.0,0.0,Calorimeter Room,Single,R32,"Australia,New Zealand",110244,2022-11-08,,Approved,Cooling Only,,Class 1,False,,False,,,,,3.2941,Available,http://www.gree.com/,http://www.braemar.com.au/,,https://reg.energyrating.gov.au/static/common/images/star_ratings_2014/Blue_EnergyStarRating_2_Star.eps,https://reg.energyrating.gov.au/static/common/images/star_ratings_2014/Blue_EnergyStarRating_2_Star.png,AAC2872,2019
28,GEMS (Air Conditioners and Heat Pumps) Determination 2013 [Non Multi-Split],MEPS Oct 2011,AS/NZS 3823.1.1:2012,COMV12IC3II,,Innova 2.0,0.667,Non Ducted,Window Wall,,Air,Air,Italy,0.63,1.3630000000000002,2.03,170.0,0.0,0.0,0.0,1357.0,0.65,2.1,Calorimeter Room,3.2366,3.2385,True,0.0,1.0,1.0,0.0,0.0,,3.2192584604649706,3.22170865346353,1.9385,1.9434,1.5,1.5,Calorimeter Room,Single,R410A,"Australia,New Zealand",110414,2022-10-17,,Approved,Reverse Cycle,460.0,Class 1,False,,False,,,,,3.2366,Available,http://www.innovaenergie.com/,,True,,https://reg.energyrating.gov.au/static/common/images/star_ratings_2014/aircon_rating_1.5_1.5.png,AAC2838,2019
29,GEMS (Air Conditioners and Heat Pumps) Determination 2013 [Non Multi-Split],MEPS Oct 2011,AS/NZS 3823.1.1:2012,KWCF22D1S,,Braemar,0.25,Non Ducted,Window Wall,,Air,,China,0.66,1.95,2.2,,0.0,0.0,0.0,,0.0,0.0,Calorimeter Room,3.2824,0.0,False,0.0,0.8,0.0,0.0,0.0,,3.2693524572874906,0.0,2.0387,0.0,2.0,0.0,Calorimeter Room,Single,R32,"Australia,New Zealand",110809,2022-11-08,,Approved,Cooling Only,,Class 1,False,,False,,,,,3.2824,Available,http://www.gree.com/,http://www.braemar.com.au/,,https://reg.energyrating.gov.au/static/common/images/star_ratings_2014/Blue_EnergyStarRating_2_Star.eps,https://reg.energyrating.gov.au/static/common/images/star_ratings_2014/Blue_EnergyStarRating_2_Star.png,AAC2861,2019
30,GEMS (Air Conditioners and Heat Pumps) Determination 2013 [Non Multi-Split],MEPS Oct 2011,AS/NZS 3823.1.1:2012,KWCF25D1S,,Braemar,0.6,Non Ducted,Window Wall,,Air,,China,0.81,2.1,2.7,,0.0,0.0,0.0,,0.0,0.0,Calorimeter Room,3.298,0.0,False,0.0,0.8,0.0,0.0,0.0,,3.2873789360630297,0.0,2.0748,0.0,2.0,0.0,Calorimeter Room,Single,R32,"Australia,New Zealand",110834,2022-11-08,,Approved,Cooling Only,,Class 1,False,,False,,,,,3.298,Available,http://www.gree.com/,http://www.braemar.com.au/,,https://reg.energyrating.gov.au/static/common/images/star_ratings_2014/Blue_EnergyStarRating_2_Star.eps,https://reg.energyrating.gov.au/static/common/images/star_ratings_2014/Blue_EnergyStarRating_2_Star.png,AAC2869,2019
31,GEMS (Air Conditioners and Heat Pumps) Determination 2013 [Non Multi-Split],MEPS Oct 2011,AS/NZS 3823.1.1:2012,KWCF39D1S,,Braemar,0.85,Non Ducted,Window Wall,,Air,,China,1.18,3.05,3.9,,0.0,0.0,0.0,,0.0,0.0,Calorimeter Room,3.3076,0.0,False,0.0,0.8,0.0,0.0,0.0,,3.30014663632202,0.0,2.1003,0.0,2.0,0.0,Calorimeter Room,Single,R32,"Australia,New Zealand",110835,2022-11-08,,Approved,Cooling Only,,Class 1,False,,False,,,,,3.3076,Available,http://www.gree.com/,http://www.braemar.com.au/,,https://reg.energyrating.gov.au/static/common/images/star_ratings_2014/Blue_EnergyStarRating_2_Star.eps,https://reg.energyrating.gov.au/static/common/images/star_ratings_2014/Blue_EnergyStarRating_2_Star.png,AAC2862,2019
32,GEMS (Air Conditioners and Heat Pumps) Determination 2013 [Non Multi-Split],MEPS Oct 2011,AS/NZS 3823.1.1:2012,KWCF53D1S,,Braemar,1.2,Non Ducted,Window Wall,,Air,,China,1.6,4.1,5.3,,0.0,0.0,0.0,,0.0,0.0,Calorimeter Room,3.3415,0.0,False,0.0,0.8,0.0,0.0,0.0,,3.3358223491981,0.0,2.1716,0.0,2.0,0.0,Calorimeter Room,Single,R32,"Australia,New Zealand",110836,2022-11-08,,Approved,Cooling Only,,Class 1,False,,False,,,,,3.3415,Available,http://www.gree.com/,http://www.braemar.com.au/,,https://reg.energyrating.gov.au/static/common/images/star_ratings_2014/Blue_EnergyStarRating_2_Star.eps,https://reg.energyrating.gov.au/static/common/images/star_ratings_2014/Blue_EnergyStarRating_2_Star.png,AAC2868,2019
33,GEMS (Air Conditioners and Heat Pumps) Determination 2013 [Non Multi-Split],MEPS Oct 2011,AS/NZS 3823.1.1:2012,KWCF60D1S,,Braemar,1.7,Non Ducted,Window Wall,,Air,,China,1.81,4.3,6.0,,0.0,0.0,0.0,,0.0,0.0,Calorimeter Room,3.28,0.0,False,0.0,0.8,0.0,0.0,0.0,,3.2752128780420398,0.0,2.0504,0.0,2.0,0.0,Calorimeter Room,Single,R32,"Australia,New Zealand",110838,2022-11-08,,Approved,Cooling Only,,Class 1,False,,False,,,,,3.28,Available,http://www.gree.com/,http://www.braemar.com.au/,,https://reg.energyrating.gov.au/static/common/images/star_ratings_2014/Blue_EnergyStarRating_2_Star.eps,https://reg.energyrating.gov.au/static/common/images/star_ratings_2014/Blue_EnergyStarRating_2_Star.png,AAC2863,2019
34,GEMS (Air Conditioners and Heat Pumps) Determination 2013 [Non Multi-Split],MEPS Oct 2011,AS/NZS 3823.1.1:2012,KWHF22D1S,,Braemar,0.3,Non Ducted,Window Wall,,Air,Air,China,0.66,1.9,2.2,,0.0,0.0,0.0,,0.57,1.9,Calorimeter Room,3.3017,3.346,False,0.0,0.8,0.8,0.0,0.0,,3.2882482304447596,3.3304551622055,2.0765,2.1609,2.0,2.0,Calorimeter Room,Single,R32,"Australia,New Zealand",110843,2022-11-08,,Approved,Reverse Cycle,,Class 1,False,,False,,,,,3.3017,Available,http://www.gree.com/,http://www.braemar.com.au/,,,https://reg.energyrating.gov.au/static/common/images/star_ratings_2014/aircon_rating_2_2.png,AAC2867,2019
35,GEMS (Air Conditioners and Heat Pumps) Determination 2013 [Non Multi-Split],MEPS Oct 2011,AS/NZS 3823.1.1:2012,KWHF25D1S,,Braemar,0.6,Non Ducted,Window Wall,,Air,Air,China,0.81,2.1,2.7,,0.0,0.0,0.0,,0.74,2.45,Calorimeter Room,3.2598,3.4732,False,0.0,0.8,0.8,0.0,0.0,,3.2490421828507,3.4600619612069,1.9981,2.4201,1.5,2.0,Calorimeter Room,Single,R32,"Australia,New Zealand",110844,2022-11-08,,Approved,Reverse Cycle,,Class 1,False,,False,,,,,3.2598,Available,http://www.gree.com/,http://www.braemar.com.au/,,,https://reg.energyrating.gov.au/static/common/images/star_ratings_2014/aircon_rating_1.5_2.png,AAC2866,2019
36,GEMS (Air Conditioners and Heat Pumps) Determination 2013 [Non Multi-Split],MEPS Oct 2011,AS/NZS 3823.1.1:2012,HWA09R,,HELLER,0.5,Non Ducted,Window Wall,,Air,Air,China,0.79,2.1,2.6,380.0,0.0,0.0,0.0,560.0,0.73,2.4,Calorimeter Room,3.2246,3.4061,False,0.0,2.0,2.0,0.0,0.0,,3.1971916050128297,3.37292435424354,1.8944,2.2458,1.5,2.0,Calorimeter Room,Single,R410A,"Australia,Fiji,New Zealand",110846,2022-11-10,,Approved,Reverse Cycle,600.0,Class 1,False,,False,,,,,3.2246,Available,http://www.gafcontrol.com.au/,http://www.gafcontrol.com.au ,,,https://reg.energyrating.gov.au/static/common/images/star_ratings_2014/aircon_rating_1.5_2.png,AAC2875,2019
37,GEMS (Air Conditioners and Heat Pumps) Determination 2013 [Non Multi-Split],MEPS Oct 2011,AS/NZS 3823.1.1:2012,KWHF39D1S,,Braemar,0.9,Non Ducted,Window Wall,,Air,Air,China,1.18,3.0,3.9,,0.0,0.0,0.0,,1.09,3.6,Calorimeter Room,3.287,3.5059,False,0.0,0.8,0.8,0.0,0.0,,3.2796437963184304,3.4966062639119704,2.0593,2.4932,2.0,2.0,Calorimeter Room,Single,R32,"Australia,New Zealand",110862,2022-11-09,,Approved,Reverse Cycle,,Class 1,False,,False,,,,,3.287,Available,http://www.gree.com/,http://www.braemar.com.au/,,,https://reg.energyrating.gov.au/static/common/images/star_ratings_2014/aircon_rating_2_2.png,AAC2874,2019
38,GEMS (Air Conditioners and Heat Pumps) Determination 2013 [Non Multi-Split],MEPS Oct 2011,AS/NZS 3823.1.1:2012,KWHF53D1S,,Braemar,1.25,Non Ducted,Window Wall,,Air,Air,China,1.6,4.05,5.3,,0.0,0.0,0.0,,1.45,4.8,Calorimeter Room,3.283,3.2802,False,0.0,0.8,0.8,0.0,0.0,,3.27751720291977,3.27423798817015,2.055,2.0485,2.0,2.0,Calorimeter Room,Single,R32,"Australia,New Zealand",110864,2022-11-08,,Approved,Reverse Cycle,,Class 1,False,,False,,,,,3.283,Available,http://www.gree.com/,http://www.braemar.com.au/,,,https://reg.energyrating.gov.au/static/common/images/star_ratings_2014/aircon_rating_2_2.png,AAC2864,2019
39,GEMS (Air Conditioners and Heat Pumps) Determination 2013 [Non Multi-Split],MEPS Oct 2011,AS/NZS 3823.1.1:2012,KWHF60D1S,,Braemar,1.6,Non Ducted,Window Wall,,Air,Air,China,1.81,4.4,6.0,,0.0,0.0,0.0,,1.69,5.5,Calorimeter Room,3.2816,3.2806,False,0.0,0.8,0.8,0.0,0.0,,3.27676450369391,3.2754867689242704,2.0535,2.051,2.0,2.0,Calorimeter Room,Single,R32,"Australia,New Zealand",110865,2022-11-09,,Approved,Reverse Cycle,,Class 1,False,,False,,,,,3.2816,Available,http://www.gree.com/,http://www.braemar.com.au/,,,https://reg.energyrating.gov.au/static/common/images/star_ratings_2014/aircon_rating_2_2.png,AAC2873,2019
40,GEMS (Air Conditioners and Heat Pumps) Determination 2013 [Non Multi-Split],MEPS Oct 2011,AS/NZS 3823.1.1:2012,HWA13R,,HELLER,0.85,Non Ducted,Window Wall,,Air,Air,China,1.25,3.25,4.1,430.0,0.0,0.0,0.0,680.0,1.09,3.6,Calorimeter Room,3.1766,3.4927,False,0.0,2.0,2.0,0.0,0.0,,3.15965221774194,3.47139397882106,1.8193,2.4428,1.5,2.0,Calorimeter Room,Single,R410A,"Australia,Fiji,New Zealand",110868,2022-11-16,,Approved,Reverse Cycle,660.0,Class 1,False,,False,,,,,3.1766,Available,http://www.gafcontrol.com.au/,http://www.gafcontrol.com.au ,,,https://reg.energyrating.gov.au/static/common/images/star_ratings_2014/aircon_rating_1.5_2.png,AAC2878,2019
41,GEMS (Air Conditioners and Heat Pumps) Determination 2013 [Non Multi-Split],MEPS Oct 2011,AS/NZS 3823.1.1:2012,CYW-35H3A-R07AB,,CHIGO,0.581,Non Ducted,Window Wall,,Air,Air,China,1.12,2.9189999999999996,3.5,,0.0,0.0,0.0,,0.96,3.0,Calorimeter Room,3.2166,3.1510000000000002,False,0.0,0.035,0.035,0.0,0.0,,3.2162318687359703,3.1506039185964196,1.9325,1.8012,1.5,1.5,Calorimeter Room,Single,R410A,"Australia,New Zealand",111143,2022-12-19,,Approved,Reverse Cycle,,Class 1,False,,False,,,,,3.2166,Available,,,,,https://reg.energyrating.gov.au/static/common/images/star_ratings_2014/aircon_rating_1.5_1.5.png,AAC2897,2019
42,GEMS (Air Conditioners and Heat Pumps) Determination 2013 [Non Multi-Split],MEPS Oct 2011,AS/NZS 3823.1.1:2012,TAC-CW05C,,TCL,0.1,Non Ducted,Window Wall,,Air,,China,0.5,1.5,1.6,,0.0,0.0,0.0,,0.0,0.0,Calorimeter Room,3.2544,0.0,False,0.0,1.1,0.0,0.0,0.0,,3.23104268600666,0.0,1.9621,0.0,1.5,0.0,Calorimeter Room,Single,R410A,"Australia,Fiji,New Zealand",111152,2023-01-24,,Approved,Cooling Only,,Class 1,False,,False,,,,,3.2544,Available,,,,https://reg.energyrating.gov.au/static/common/images/star_ratings_2014/Blue_EnergyStarRating_1.5_Star.eps,https://reg.energyrating.gov.au/static/common/images/star_ratings_2014/Blue_EnergyStarRating_1.5_Star.png,AAC2951,2019
43,GEMS (Air Conditioners and Heat Pumps) Determination 2013 [Non Multi-Split],MEPS Oct 2011,AS/NZS 3823.1.1:2012,TAC-CW07C,,TCL,0.3,Non Ducted,Window Wall,,Air,,China,0.648,1.9,2.2,,0.0,0.0,0.0,,0.0,0.0,Calorimeter Room,3.322,0.0,False,0.0,1.0,0.0,0.0,0.0,,3.3053825031739903,0.0,2.1108,0.0,2.0,0.0,Calorimeter Room,Single,R410A,"Australia,Fiji,New Zealand",111472,2023-01-04,,Approved,Cooling Only,,Class 1,False,,False,,,,,3.322,Available,,,,https://reg.energyrating.gov.au/static/common/images/star_ratings_2014/Blue_EnergyStarRating_2_Star.eps,https://reg.energyrating.gov.au/static/common/images/star_ratings_2014/Blue_EnergyStarRating_2_Star.png,AAC2908,2019
44,Greenhouse and Energy Minimum Standards (Air Conditioners and Heat Pumps) Determination 2012,MEPS Oct 2011,AS/NZS 3823.1.1:2012,LNWR39X,LNWR**X**,LENNOX,0.89,Non Ducted,Window Wall,,Air,Air,China,1.18,3.01,3.9,700.0,0.0,,,428.0,1.09,3.6,Calorimeter Room,3.3731,3.4178,False,,0.61,0.61,0.0,0.0,,3.36722289326452,3.41112187987531,2.2344,2.3222,2.0,2.0,Calorimeter Room,Single,R410A,"Australia,New Zealand",111916,2023-01-09,,Approved,Reverse Cycle,660.0,Class 1,False,,False,,,,,3.3731,Available,http://www.gree.com/,http://www.lennoxaus.com.au,False,,https://reg.energyrating.gov.au/static/common/images/star_ratings_2014/aircon_rating_2_2.png,AAC2915,2019
45,Greenhouse and Energy Minimum Standards (Air Conditioners and Heat Pumps) Determination 2012,MEPS Oct 2011,AS/NZS 3823.1.1:2012,LNWR39XV2,LNWR**X**,LENNOX,0.89,Non Ducted,Window Wall,,Air,Air,China,1.18,3.01,3.9,700.0,0.0,,,428.0,1.09,3.6,Calorimeter Room,3.3731,3.4178,False,,0.61,0.61,0.0,0.0,,3.36722289326452,3.41112187987531,2.2344,2.3222,2.0,2.0,Calorimeter Room,Single,R410A,"Australia,New Zealand",111916,2023-01-09,,Approved,Reverse Cycle,660.0,Class 1,False,,False,,,,,3.3731,Available,http://www.gree.com/,http://www.lennoxaus.com.au,False,,https://reg.energyrating.gov.au/static/common/images/star_ratings_2014/aircon_rating_2_2.png,AAC2915,2019
46,Greenhouse and Energy Minimum Standards (Air Conditioners and Heat Pumps) Determination 2012,MEPS Oct 2011,AS/NZS 3823.1.1:2012,LNWR**X**,LNWR**X**,LENNOX,0.89,Non Ducted,Window Wall,,Air,Air,China,1.18,3.01,3.9,700.0,0.0,,,428.0,1.09,3.6,Calorimeter Room,3.3731,3.4178,False,,0.61,0.61,0.0,0.0,,3.36722289326452,3.41112187987531,2.2344,2.3222,2.0,2.0,Calorimeter Room,Single,R410A,"Australia,New Zealand",111916,2023-01-09,,Approved,Reverse Cycle,660.0,Class 1,False,,False,,,,,3.3731,Available,http://www.gree.com/,http://www.lennoxaus.com.au,False,,https://reg.energyrating.gov.au/static/common/images/star_ratings_2014/aircon_rating_2_2.png,AAC2915,2019
47,Greenhouse and Energy Minimum Standards (Air Conditioners and Heat Pumps) Determination 2012,MEPS Oct 2011,AS/NZS 3823.1.1:1998/Amdt 3:2006,LNWR21X,LNWR21X**,LENNOX,0.306,Non Ducted,Window Wall,,Air,Air,China,0.66,1.8940000000000001,2.2,668.0,0.0,,,375.0,0.578,1.93,Calorimeter Room,3.2948,3.3356,False,,0.61,0.61,0.0,0.0,,3.2845409323793597,3.3237837761424704,2.0691,2.1476,2.0,2.0,Calorimeter Room,Single,R410A,"Australia,New Zealand",111917,2023-01-09,,Approved,Reverse Cycle,560.0,Class 1,False,,False,,,,,3.2948,Available,http://www.gree.com/,http://www.lennoxaus.com.au,False,,https://reg.energyrating.gov.au/static/common/images/star_ratings_2014/aircon_rating_2_2.png,AAC2914,2019
48,Greenhouse and Energy Minimum Standards (Air Conditioners and Heat Pumps) Determination 2012,MEPS Oct 2011,AS/NZS 3823.1.1:1998/Amdt 3:2006,LNWR21X**,LNWR21X**,LENNOX,0.306,Non Ducted,Window Wall,,Air,Air,China,0.66,1.8940000000000001,2.2,668.0,0.0,,,375.0,0.578,1.93,Calorimeter Room,3.2948,3.3356,False,,0.61,0.61,0.0,0.0,,3.2845409323793597,3.3237837761424704,2.0691,2.1476,2.0,2.0,Calorimeter Room,Single,R410A,"Australia,New Zealand",111917,2023-01-09,,Approved,Reverse Cycle,560.0,Class 1,False,,False,,,,,3.2948,Available,http://www.gree.com/,http://www.lennoxaus.com.au,False,,https://reg.energyrating.gov.au/static/common/images/star_ratings_2014/aircon_rating_2_2.png,AAC2914,2019
49,Greenhouse and Energy Minimum Standards (Air Conditioners and Heat Pumps) Determination 2012,MEPS Oct 2011,AS/NZS 3823.1.1:1998/Amdt 3:2006,LNWR21XV2,LNWR21X**,LENNOX,0.306,Non Ducted,Window Wall,,Air,Air,China,0.66,1.8940000000000001,2.2,668.0,0.0,,,375.0,0.578,1.93,Calorimeter Room,3.2948,3.3356,False,,0.61,0.61,0.0,0.0,,3.2845409323793597,3.3237837761424704,2.0691,2.1476,2.0,2.0,Calorimeter Room,Single,R410A,"Australia,New Zealand",111917,2023-01-09,,Approved,Reverse Cycle,560.0,Class 1,False,,False,,,,,3.2948,Available,http://www.gree.com/,http://www.lennoxaus.com.au,False,,https://reg.energyrating.gov.au/static/common/images/star_ratings_2014/aircon_rating_2_2.png,AAC2914,2019
50,GEMS (Air Conditioners and Heat Pumps) Determination 2013 [Non Multi-Split],MEPS Oct 2011,AS/NZS 3823.1.1:2012,DCB05C,,DIMPLEX,0.15,Non Ducted,Window Wall,,Air,,China,0.5,1.45,1.6,,0.0,0.0,0.0,,0.0,0.0,Calorimeter Room,3.2544,0.0,False,0.0,1.1,0.0,0.0,0.0,,3.23104268600666,0.0,1.9621,0.0,1.5,0.0,Calorimeter Room,Single,R410A,Australia,111940,2023-01-17,,Approved,Cooling Only,,Class 1,False,,False,,,,,3.2544,Available,,http://www.dimplex.co.nz,,https://reg.energyrating.gov.au/static/common/images/star_ratings_2014/Blue_EnergyStarRating_1.5_Star.eps,https://reg.energyrating.gov.au/static/common/images/star_ratings_2014/Blue_EnergyStarRating_1.5_Star.png,AAC2933,2019
51,GEMS (Air Conditioners and Heat Pumps) Determination 2013 [Non Multi-Split],MEPS Oct 2011,AS/NZS 3823.1.1:2012,DCB07C,,DIMPLEX,0.3,Non Ducted,Window Wall,,Air,,China,0.65,1.9,2.2,,0.0,0.0,0.0,,0.0,0.0,Calorimeter Room,3.322,0.0,False,0.0,1.0,0.0,0.0,0.0,,3.3053825031739903,0.0,2.1108,0.0,2.0,0.0,Calorimeter Room,Single,R410A,Australia,111941,2023-01-17,,Approved,Cooling Only,,Class 1,False,,False,,,,,3.322,Available,,http://www.dimplex.co.nz,,https://reg.energyrating.gov.au/static/common/images/star_ratings_2014/Blue_EnergyStarRating_2_Star.eps,https://reg.energyrating.gov.au/static/common/images/star_ratings_2014/Blue_EnergyStarRating_2_Star.png,AAC2937,2019
52,GEMS (Air Conditioners and Heat Pumps) Determination 2013 [Non Multi-Split],MEPS Oct 2011,AS/NZS 3823.1.1:2012,TCLWB05C,,TCL,0.15,Non Ducted,Window Wall,,Air,,China,0.5,1.45,1.6,,0.0,0.0,0.0,,0.0,0.0,Calorimeter Room,3.2544,0.0,False,0.0,1.1,0.0,0.0,0.0,,3.23104268600666,0.0,1.9621,0.0,1.5,0.0,Calorimeter Room,Single,R410A,Australia,111942,2023-01-17,,Approved,Cooling Only,,Class 1,False,,False,,,,,3.2544,Available,,,,https://reg.energyrating.gov.au/static/common/images/star_ratings_2014/Blue_EnergyStarRating_1.5_Star.eps,https://reg.energyrating.gov.au/static/common/images/star_ratings_2014/Blue_EnergyStarRating_1.5_Star.png,AAC2934,2019
53,GEMS (Air Conditioners and Heat Pumps) Determination 2013 [Non Multi-Split],MEPS Oct 2011,AS/NZS 3823.1.1:2012,TCLWB07C,,TCL,0.3,Non Ducted,Window Wall,,Air,,China,0.65,1.9,2.2,,0.0,0.0,0.0,,0.0,0.0,Calorimeter Room,3.322,0.0,False,0.0,1.0,0.0,0.0,0.0,,3.3053825031739903,0.0,2.1108,0.0,2.0,0.0,Calorimeter Room,Single,R410A,Australia,111943,2023-01-17,,Approved,Cooling Only,,Class 1,False,,False,,,,,3.322,Available,,,,https://reg.energyrating.gov.au/static/common/images/star_ratings_2014/Blue_EnergyStarRating_2_Star.eps,https://reg.energyrating.gov.au/static/common/images/star_ratings_2014/Blue_EnergyStarRating_2_Star.png,AAC2936,2019
54,GEMS (Air Conditioners and Heat Pumps) Determination 2013 [Non Multi-Split],MEPS Oct 2011,AS/NZS 3823.1.1:2012,WAM-26,,Domain,0.5,Non Ducted,Window Wall,,Air,Air,China,0.79,2.1,2.6,,0.0,0.0,0.0,,0.73,2.4,Calorimeter Room,3.2246,3.4061,False,0.0,2.0,2.0,0.0,0.0,,3.1971916050128297,3.37292435424354,1.8944,2.2458,1.5,2.0,Calorimeter Room,Single,R410A,Australia,112078,2023-01-25,,Approved,Reverse Cycle,,Class 1,False,,False,,,,,3.2246,Available,,http://www.domainappliances.com.au,,,https://reg.energyrating.gov.au/static/common/images/star_ratings_2014/aircon_rating_1.5_2.png,AAC2952,2019
55,GEMS (Air Conditioners and Heat Pumps) Determination 2013 [Non Multi-Split],MEPS Oct 2011,AS/NZS 3823.1.1:2012,WAM-41,,Domain,0.8,Non Ducted,Window Wall,,Air,Air,China,1.25,3.3,4.1,,0.0,0.0,0.0,,1.09,3.6,Calorimeter Room,3.1766,3.4927,False,0.0,2.0,2.0,0.0,0.0,,3.15965221774194,3.47139397882106,1.8193,2.4428,1.5,2.0,Calorimeter Room,Single,R410A,Australia,112079,2023-01-25,,Approved,Reverse Cycle,,Class 1,False,,False,,,,,3.1766,Available,,http://www.domainappliances.com.au,,,https://reg.energyrating.gov.au/static/common/images/star_ratings_2014/aircon_rating_1.5_2.png,AAC2955,2019
56,Greenhouse and Energy Minimum Standards (Air Conditioners and Heat Pumps) Determination 2012,MEPS Oct 2011,AS/NZS 3823.1.1:1998/Amdt 3:2006,Unico Twin Master,,Olimpia Splendid,0.78,Non Ducted,Window Wall,,Air,Air,Italy,0.83,1.9,2.68,,0.0,,,,0.84,2.72,Calorimeter Room,3.2289,3.2381,False,100.0,1.3,1.3,0.0,0.0,,3.2119118785609704,3.22124505858639,1.9238,1.9425,1.5,1.5,Calorimeter Room,Single,R410A,"Australia,New Zealand",112131,2023-02-19,,Approved,Reverse Cycle,,Class 1,False,,False,False,False,False,,3.2289,Available,,,False,,https://reg.energyrating.gov.au/static/common/images/star_ratings_2014/aircon_rating_1.5_1.5.png,AAC2949,2019
57,GEMS (Air Conditioners and Heat Pumps) Determination 2013 [Non Multi-Split],MEPS Oct 2011,AS/NZS 3823.1.1:2012,KWH25HRH,,KELVINATOR,0.52,Non Ducted,Window Wall,,Air,Air,China,0.79,2.08,2.6,560.0,0.0,0.0,0.0,380.0,0.7,2.35,Calorimeter Room,3.4295,3.281,False,0.0,0.3,0.3,0.0,0.0,,3.42500264853091,3.2762879372776004,2.35,2.0526,2.0,2.0,Calorimeter Room,Single,R410A,"Australia,Fiji,New Zealand",112216,2023-02-16,,Approved,Reverse Cycle,600.0,Class 1,False,,False,,,,,3.4295,Available,,http://www.kelvinator.com.au/,,,https://reg.energyrating.gov.au/static/common/images/star_ratings_2014/aircon_rating_2_2.png,AAC3020,2019
58,Greenhouse and Energy Minimum Standards (Air Conditioners and Heat Pumps) Determination 2012,MEPS Oct 2011,AS/NZS 3823.1.1:1998/Amdt 3:2006,KWH15CME,,KELVINATOR,0.18,Non Ducted,Window Wall,,Air,,China,0.485,1.42,1.6,,0.0,0.0,0.0,,0.0,0.0,Calorimeter Room,3.2941,0.0,False,0.0,0.0,0.0,0.0,0.0,,3.2941176470588194,0.0,2.0882,0.0,2.0,0.0,Calorimeter Room,Single,R32,"Australia,Fiji,New Zealand",112262,2023-03-01,,Approved,Cooling Only,,Class 1,False,,False,,,,,3.2941,Available,,http://www.kelvinator.com.au/,,https://reg.energyrating.gov.au/static/common/images/star_ratings_2014/Blue_EnergyStarRating_2_Star.eps,https://reg.energyrating.gov.au/static/common/images/star_ratings_2014/Blue_EnergyStarRating_2_Star.png,AAC2995,2019
59,Greenhouse and Energy Minimum Standards (Air Conditioners and Heat Pumps) Determination 2012,MEPS Oct 2011,AS/NZS 3823.1.1:1998/Amdt 3:2006,KWH20CRE,,KELVINATOR,0.27,Non Ducted,Window Wall,,Air,,China,0.66,1.93,2.2,,0.0,,,,,,Calorimeter Room,3.2824,,False,,0.8,,0.0,0.0,,3.2693524572874906,,2.0387,,2.0,,Calorimeter Room,Single,R32,"Australia,Fiji,New Zealand",112263,2023-03-01,,Approved,Cooling Only,,Class 1,False,,False,,,,,3.2824,Available,,http://www.kelvinator.com.au/,False,https://reg.energyrating.gov.au/static/common/images/star_ratings_2014/Blue_EnergyStarRating_2_Star.eps,https://reg.energyrating.gov.au/static/common/images/star_ratings_2014/Blue_EnergyStarRating_2_Star.png,AAC2966,2019
60,Greenhouse and Energy Minimum Standards (Air Conditioners and Heat Pumps) Determination 2012,MEPS Oct 2011,AS/NZS 3823.1.1:1998/Amdt 3:2006,KWH26CRE,,KELVINATOR,0.63,Non Ducted,Window Wall,,Air,,China,0.81,2.07,2.7,,0.0,,,,,,Calorimeter Room,3.298,,False,,0.8,,0.0,0.0,,3.2873789360630297,,2.0748,,2.0,,Calorimeter Room,Single,R32,"Australia,Fiji,New Zealand",112264,2023-03-19,,Approved,Cooling Only,,Class 1,False,,False,,,,,3.298,Available,,http://www.kelvinator.com.au/,False,https://reg.energyrating.gov.au/static/common/images/star_ratings_2014/Blue_EnergyStarRating_2_Star.eps,https://reg.energyrating.gov.au/static/common/images/star_ratings_2014/Blue_EnergyStarRating_2_Star.png,AAC2967,2019
61,Greenhouse and Energy Minimum Standards (Air Conditioners and Heat Pumps) Determination 2012,MEPS Oct 2011,AS/NZS 3823.1.1:1998/Amdt 3:2006,KWH39CRE,,KELVINATOR,0.9,Non Ducted,Window Wall,,Air,,China,1.18,3.0,3.9,,0.0,,,,,,Calorimeter Room,3.3076,,False,,0.8,,0.0,0.0,,3.30014663632202,,2.1003,,2.0,,Calorimeter Room,Single,R32,"Australia,Fiji,New Zealand",112265,2023-03-01,,Approved,Cooling Only,,Class 1,False,,False,,,,,3.3076,Available,,http://www.kelvinator.com.au/,False,https://reg.energyrating.gov.au/static/common/images/star_ratings_2014/Blue_EnergyStarRating_2_Star.eps,https://reg.energyrating.gov.au/static/common/images/star_ratings_2014/Blue_EnergyStarRating_2_Star.png,AAC2968,2019
62,Greenhouse and Energy Minimum Standards (Air Conditioners and Heat Pumps) Determination 2012,MEPS Oct 2011,AS/NZS 3823.1.1:1998/Amdt 3:2006,KWH53CRE,,KELVINATOR,1.2,Non Ducted,Window Wall,,Air,,China,1.6,4.1,5.3,,0.0,,,,,,Calorimeter Room,3.3415,,False,,0.8,,0.0,0.0,,3.3358223491981,,2.1716,,2.0,,Calorimeter Room,Single,R32,"Australia,Fiji,New Zealand",112266,2023-03-04,,Approved,Cooling Only,,Class 1,False,,False,,,,,3.3415,Available,,http://www.kelvinator.com.au/,False,https://reg.energyrating.gov.au/static/common/images/star_ratings_2014/Blue_EnergyStarRating_2_Star.eps,https://reg.energyrating.gov.au/static/common/images/star_ratings_2014/Blue_EnergyStarRating_2_Star.png,AAC2970,2019
63,Greenhouse and Energy Minimum Standards (Air Conditioners and Heat Pumps) Determination 2012,MEPS Oct 2011,AS/NZS 3823.1.1:1998/Amdt 3:2006,KWH62CRE,,KELVINATOR,1.6880000000000002,Non Ducted,Window Wall,,Air,,China,1.81,4.312,6.0,,0.0,,,,,,Calorimeter Room,3.28,,False,,0.8,,0.0,0.0,,3.2752128780420398,,2.0504,,2.0,,Calorimeter Room,Single,R32,"Australia,Fiji,New Zealand",112267,2023-03-07,,Approved,Cooling Only,,Class 1,False,,False,,,,,3.28,Available,,http://www.kelvinator.com.au/,False,https://reg.energyrating.gov.au/static/common/images/star_ratings_2014/Blue_EnergyStarRating_2_Star.eps,https://reg.energyrating.gov.au/static/common/images/star_ratings_2014/Blue_EnergyStarRating_2_Star.png,AAC2972,2019
64,Greenhouse and Energy Minimum Standards (Air Conditioners and Heat Pumps) Determination 2012,MEPS Oct 2011,AS/NZS 3823.1.1:1998/Amdt 3:2006,KWH20HRE,,KELVINATOR,0.28,Non Ducted,Window Wall,,Air,Air,China,0.66,1.92,2.2,,0.0,,,,0.57,1.9,Calorimeter Room,3.3017,3.346,False,,0.8,0.8,0.0,0.0,,3.2882482304447596,3.3304551622055,2.0765,2.1609,2.0,2.0,Calorimeter Room,Single,R32,"Australia,Fiji,New Zealand",112268,2023-03-04,,Approved,Reverse Cycle,,Class 1,False,,False,,,,,3.3017,Available,,http://www.kelvinator.com.au/,False,,https://reg.energyrating.gov.au/static/common/images/star_ratings_2014/aircon_rating_2_2.png,AAC2976,2019
65,Greenhouse and Energy Minimum Standards (Air Conditioners and Heat Pumps) Determination 2012,MEPS Oct 2011,AS/NZS 3823.1.1:1998/Amdt 3:2006,KWH26HRE,,KELVINATOR,0.555,Non Ducted,Window Wall,,Air,Air,China,0.81,2.145,2.7,,0.0,,,,0.72,2.45,Calorimeter Room,3.3041,3.4732,False,,0.8,0.8,0.0,0.0,,3.29307235149759,3.4600619612069,2.0861,2.4201,2.0,2.0,Calorimeter Room,Single,R32,"Australia,Fiji,New Zealand",112269,2023-03-29,,Approved,Reverse Cycle,,Class 1,False,,False,,,,,3.3041,Available,,http://www.kelvinator.com.au/,False,,https://reg.energyrating.gov.au/static/common/images/star_ratings_2014/aircon_rating_2_2.png,AAC2979,2019
66,Greenhouse and Energy Minimum Standards (Air Conditioners and Heat Pumps) Determination 2012,MEPS Oct 2011,AS/NZS 3823.1.1:1998/Amdt 3:2006,KWH39HRE,,KELVINATOR,0.88,Non Ducted,Window Wall,,Air,Air,China,1.18,3.02,3.9,,0.0,,,,1.09,3.6,Calorimeter Room,3.287,3.5059,False,,0.8,0.8,0.0,0.0,,3.2796437963184304,3.4966062639119704,2.0593,2.4932,2.0,2.0,Calorimeter Room,Single,R32,"Australia,Fiji,New Zealand",112270,2023-03-01,,Approved,Reverse Cycle,,Class 1,False,,False,,,,,3.287,Available,,http://www.kelvinator.com.au/,False,,https://reg.energyrating.gov.au/static/common/images/star_ratings_2014/aircon_rating_2_2.png,AAC2987,2019
67,Greenhouse and Energy Minimum Standards (Air Conditioners and Heat Pumps) Determination 2012,MEPS Oct 2011,AS/NZS 3823.1.1:1998/Amdt 3:2006,KWH53HRE,,KELVINATOR,1.234,Non Ducted,Window Wall,,Air,Air,China,1.6,4.066,5.3,,0.0,,,,1.45,4.8,Calorimeter Room,3.283,3.2802,False,,0.8,0.8,0.0,0.0,,3.27751720291977,3.27423798817015,2.055,2.0485,2.0,2.0,Calorimeter Room,Single,R32,"Australia,Fiji,New Zealand",112271,2023-04-09,,Approved,Reverse Cycle,,Class 1,False,,False,,,,,3.283,Available,,http://www.kelvinator.com.au/,False,,https://reg.energyrating.gov.au/static/common/images/star_ratings_2014/aircon_rating_2_2.png,AAC2990,2019
68,Greenhouse and Energy Minimum Standards (Air Conditioners and Heat Pumps) Determination 2012,MEPS Oct 2011,AS/NZS 3823.1.1:1998/Amdt 3:2006,KWH62HRE,,KELVINATOR,1.6,Non Ducted,Window Wall,,Air,Air,China,1.81,4.4,6.0,,0.0,,,,1.69,5.5,Calorimeter Room,3.2816,3.2806,False,,0.8,0.8,0.0,0.0,,3.27676450369391,3.2754867689242704,2.0535,2.051,2.0,2.0,Calorimeter Room,Single,R32,"Australia,Fiji,New Zealand",112272,2023-03-15,,Approved,Reverse Cycle,,Class 1,False,,False,,,,,3.2816,Available,,http://www.kelvinator.com.au/,False,,https://reg.energyrating.gov.au/static/common/images/star_ratings_2014/aircon_rating_2_2.png,AAC2992,2019
69,GEMS (Air Conditioners and Heat Pumps) Determination 2013 [Non Multi-Split],MEPS Oct 2011,AS/NZS 3823.1.1:2012,EUR-5000WAC,,EUROMATIC,0.1,Non Ducted,Window Wall,,Air,,China,0.5,1.5,1.6,,0.0,0.0,0.0,,0.0,0.0,Calorimeter Room,3.2544,0.0,False,0.0,1.1,0.0,0.0,0.0,,3.23104268600666,0.0,1.9621,0.0,1.5,0.0,Calorimeter Room,Single,R410A,Australia,112460,2023-02-22,,Approved,Cooling Only,,Class 1,False,,False,,,,,3.2544,Available,,,,https://reg.energyrating.gov.au/static/common/images/star_ratings_2014/Blue_EnergyStarRating_1.5_Star.eps,https://reg.energyrating.gov.au/static/common/images/star_ratings_2014/Blue_EnergyStarRating_1.5_Star.png,AAC3029,2019
70,GEMS (Air Conditioners and Heat Pumps) Determination 2013 [Non Multi-Split],MEPS Oct 2011,AS/NZS 3823.1.1:2012,EUR-9000WAC,,EUROMATIC,0.5,Non Ducted,Window Wall,,Air,Air,China,0.79,2.1,2.6,,0.0,0.0,0.0,,0.73,2.4,Calorimeter Room,3.2246,3.4061,False,0.0,2.0,2.0,0.0,0.0,,3.1971916050128297,3.37292435424354,1.8944,2.2458,1.5,2.0,Calorimeter Room,Single,R410A,Australia,112518,2023-02-22,,Approved,Reverse Cycle,,Class 1,False,,False,,,,,3.2246,Available,,,,,https://reg.energyrating.gov.au/static/common/images/star_ratings_2014/aircon_rating_1.5_2.png,AAC3028,2019
71,GEMS (Air Conditioners and Heat Pumps) Determination 2013 [Non Multi-Split],MEPS Oct 2011,AS/NZS 3823.1.1:2012,KAHCWDAC35A,,Kogan,0.581,Non Ducted,Window Wall,,Air,Air,China,1.12,2.9189999999999996,3.5,677.0,0.0,0.0,0.0,433.0,0.96,3.0,Calorimeter Room,3.2178,3.1510000000000002,True,0.0,0.035,0.035,0.0,0.0,,3.2174295885285598,3.1506039185964196,1.9349,1.8012,1.5,1.5,Calorimeter Room,Single,R410A,Australia,114439,2023-05-31,,Approved,Reverse Cycle,658.0,Class 1,False,,False,,,,,3.2178,Available,,http://www.kogan.com/au/,False,,https://reg.energyrating.gov.au/static/common/images/star_ratings_2014/aircon_rating_1.5_1.5.png,AAC3300,2019
72,AS/NZS 3823.2:2013 [Non Multi-Split],NZ MEPS April 2013,AS/NZS 3823.1.1:2012,TAC-CW09,,TCL,0.461,Non Ducted,Window Wall,,Air,Air,China,0.79,2.1,2.5610000000000004,560.0,0.0,0.0,0.0,380.0,0.73,2.4,Calorimeter Room,3.2246,3.4061,False,0.0,2.0,2.0,0.0,0.0,,3.1971916050128297,3.37292435424354,1.8944,2.2458,1.5,2.0,Calorimeter Room,Single,R410A,New Zealand,115477,2118-07-10,,Approved,Reverse Cycle,600.0,Class 1,False,,False,,,,,3.2246,Available,http://www.tradedepot.co.nz/,,,,https://reg.energyrating.gov.au/static/common/images/star_ratings_2014/aircon_rating_1.5_2.png,ZAC0563,2019
73,AS/NZS 3823.2:2013 [Non Multi-Split],NZ MEPS April 2013,AS/NZS 3823.1.1:2012,TAC-CW13,,TCL,0.762,Non Ducted,Window Wall,,Air,Air,China,1.25,3.25,4.012,680.0,0.0,0.0,0.0,430.0,1.09,3.6,Calorimeter Room,3.1766,3.4927,False,0.0,2.0,2.0,0.0,0.0,,3.15965221774194,3.47139397882106,1.8193,2.4428,1.5,2.0,Calorimeter Room,Single,R410A,New Zealand,115478,2118-07-10,,Approved,Reverse Cycle,660.0,Class 1,False,,False,,,,,3.1766,Available,http://www.tradedepot.co.nz/,,,,https://reg.energyrating.gov.au/static/common/images/star_ratings_2014/aircon_rating_1.5_2.png,ZAC0564,2019
74,GEMS (Air Conditioners and Heat Pumps) Determination 2013 [Non Multi-Split],MEPS Oct 2011,AS/NZS 3823.1.1:2012,TAC-09CWA/*,TAC-09CWA/*,TCL,0.6,Non Ducted,Window Wall,,Air,,China,0.83,2.1,2.7,,0.0,0.0,0.0,,0.0,0.0,Calorimeter Room,3.3385,0.0,False,0.0,1.15,0.0,0.0,0.0,,3.32306607912731,0.0,2.1461,0.0,2.0,0.0,Calorimeter Room,Single,R410A,"Australia,Fiji,New Zealand",115960,2023-08-29,,Approved,Cooling Only,,Class 1,False,,False,,,,,3.3385,Available,,,,https://reg.energyrating.gov.au/static/common/images/star_ratings_2014/Blue_EnergyStarRating_2_Star.eps,https://reg.energyrating.gov.au/static/common/images/star_ratings_2014/Blue_EnergyStarRating_2_Star.png,AAC3435,2019
75,GEMS (Air Conditioners and Heat Pumps) Determination 2013 [Non Multi-Split],MEPS Oct 2011,AS/NZS 3823.1.1:2012,TAC-09CWA/C,TAC-09CWA/*,TCL,0.6,Non Ducted,Window Wall,,Air,,China,0.83,2.1,2.7,,0.0,0.0,0.0,,0.0,0.0,Calorimeter Room,3.3385,0.0,False,0.0,1.15,0.0,0.0,0.0,,3.32306607912731,0.0,2.1461,0.0,2.0,0.0,Calorimeter Room,Single,R410A,"Australia,Fiji,New Zealand",115960,2023-08-29,,Approved,Cooling Only,,Class 1,False,,False,,,,,3.3385,Available,,,,https://reg.energyrating.gov.au/static/common/images/star_ratings_2014/Blue_EnergyStarRating_2_Star.eps,https://reg.energyrating.gov.au/static/common/images/star_ratings_2014/Blue_EnergyStarRating_2_Star.png,AAC3435,2019
76,GEMS (Air Conditioners and Heat Pumps) Determination 2013 [Non Multi-Split],MEPS Oct 2011,AS/NZS 3823.1.1:2012,TAC-09CWA/D,TAC-09CWA/*,TCL,0.6,Non Ducted,Window Wall,,Air,,China,0.83,2.1,2.7,,0.0,0.0,0.0,,0.0,0.0,Calorimeter Room,3.3385,0.0,False,0.0,1.15,0.0,0.0,0.0,,3.32306607912731,0.0,2.1461,0.0,2.0,0.0,Calorimeter Room,Single,R410A,"Australia,Fiji,New Zealand",115960,2023-08-29,,Approved,Cooling Only,,Class 1,False,,False,,,,,3.3385,Available,,,,https://reg.energyrating.gov.au/static/common/images/star_ratings_2014/Blue_EnergyStarRating_2_Star.eps,https://reg.energyrating.gov.au/static/common/images/star_ratings_2014/Blue_EnergyStarRating_2_Star.png,AAC3435,2019
77,GEMS (Air Conditioners and Heat Pumps) Determination 2013 [Non Multi-Split],MEPS Oct 2011,AS/NZS 3823.1.1:2012,TAC-09CWA/E,TAC-09CWA/*,TCL,0.6,Non Ducted,Window Wall,,Air,,China,0.83,2.1,2.7,,0.0,0.0,0.0,,0.0,0.0,Calorimeter Room,3.3385,0.0,False,0.0,1.15,0.0,0.0,0.0,,3.32306607912731,0.0,2.1461,0.0,2.0,0.0,Calorimeter Room,Single,R410A,"Australia,Fiji,New Zealand",115960,2023-08-29,,Approved,Cooling Only,,Class 1,False,,False,,,,,3.3385,Available,,,,https://reg.energyrating.gov.au/static/common/images/star_ratings_2014/Blue_EnergyStarRating_2_Star.eps,https://reg.energyrating.gov.au/static/common/images/star_ratings_2014/Blue_EnergyStarRating_2_Star.png,AAC3435,2019
78,GEMS (Air Conditioners and Heat Pumps) Determination 2013 [Non Multi-Split],MEPS Oct 2011,AS/NZS 3823.1.1:2012,TAC-09CWA/F,TAC-09CWA/*,TCL,0.6,Non Ducted,Window Wall,,Air,,China,0.83,2.1,2.7,,0.0,0.0,0.0,,0.0,0.0,Calorimeter Room,3.3385,0.0,False,0.0,1.15,0.0,0.0,0.0,,3.32306607912731,0.0,2.1461,0.0,2.0,0.0,Calorimeter Room,Single,R410A,"Australia,Fiji,New Zealand",115960,2023-08-29,,Approved,Cooling Only,,Class 1,False,,False,,,,,3.3385,Available,,,,https://reg.energyrating.gov.au/static/common/images/star_ratings_2014/Blue_EnergyStarRating_2_Star.eps,https://reg.energyrating.gov.au/static/common/images/star_ratings_2014/Blue_EnergyStarRating_2_Star.png,AAC3435,2019
79,GEMS (Air Conditioners and Heat Pumps) Determination 2013 [Non Multi-Split],MEPS Oct 2011,AS/NZS 3823.1.1:2012,TAC-09CWA/G,TAC-09CWA/*,TCL,0.6,Non Ducted,Window Wall,,Air,,China,0.83,2.1,2.7,,0.0,0.0,0.0,,0.0,0.0,Calorimeter Room,3.3385,0.0,False,0.0,1.15,0.0,0.0,0.0,,3.32306607912731,0.0,2.1461,0.0,2.0,0.0,Calorimeter Room,Single,R410A,"Australia,Fiji,New Zealand",115960,2023-08-29,,Approved,Cooling Only,,Class 1,False,,False,,,,,3.3385,Available,,,,https://reg.energyrating.gov.au/static/common/images/star_ratings_2014/Blue_EnergyStarRating_2_Star.eps,https://reg.energyrating.gov.au/static/common/images/star_ratings_2014/Blue_EnergyStarRating_2_Star.png,AAC3435,2019
80,GEMS (Air Conditioners and Heat Pumps) Determination 2013 [Non Multi-Split],MEPS Oct 2011,AS/NZS 3823.1.1:2012,TAC-09CWA/H,TAC-09CWA/*,TCL,0.6,Non Ducted,Window Wall,,Air,,China,0.83,2.1,2.7,,0.0,0.0,0.0,,0.0,0.0,Calorimeter Room,3.3385,0.0,False,0.0,1.15,0.0,0.0,0.0,,3.32306607912731,0.0,2.1461,0.0,2.0,0.0,Calorimeter Room,Single,R410A,"Australia,Fiji,New Zealand",115960,2023-08-29,,Approved,Cooling Only,,Class 1,False,,False,,,,,3.3385,Available,,,,https://reg.energyrating.gov.au/static/common/images/star_ratings_2014/Blue_EnergyStarRating_2_Star.eps,https://reg.energyrating.gov.au/static/common/images/star_ratings_2014/Blue_EnergyStarRating_2_Star.png,AAC3435,2019
81,GEMS (Air Conditioners and Heat Pumps) Determination 2013 [Non Multi-Split],MEPS Oct 2011,AS/NZS 3823.1.1:2012,TAC-09CWA/I,TAC-09CWA/*,TCL,0.6,Non Ducted,Window Wall,,Air,,China,0.83,2.1,2.7,,0.0,0.0,0.0,,0.0,0.0,Calorimeter Room,3.3385,0.0,False,0.0,1.15,0.0,0.0,0.0,,3.32306607912731,0.0,2.1461,0.0,2.0,0.0,Calorimeter Room,Single,R410A,"Australia,Fiji,New Zealand",115960,2023-08-29,,Approved,Cooling Only,,Class 1,False,,False,,,,,3.3385,Available,,,,https://reg.energyrating.gov.au/static/common/images/star_ratings_2014/Blue_EnergyStarRating_2_Star.eps,https://reg.energyrating.gov.au/static/common/images/star_ratings_2014/Blue_EnergyStarRating_2_Star.png,AAC3435,2019
82,GEMS (Air Conditioners and Heat Pumps) Determination 2013 [Non Multi-Split],MEPS Oct 2011,AS/NZS 3823.1.1:2012,TAC-07CHWA/*,TAC-07CHWA/*,TCL,0.3,Non Ducted,Window Wall,,Air,Air,China,0.68,1.9,2.2,,0.0,0.0,0.0,,0.6,2.05,Calorimeter Room,3.182,3.5508,False,0.0,1.381,1.381,0.0,0.0,,3.16013195159612,3.5215016135442596,1.8203,2.543,1.5,2.5,Calorimeter Room,Single,R410A,"Australia,Fiji,New Zealand",115964,2023-08-27,,Approved,Reverse Cycle,,Class 1,False,,False,,,,,3.182,Available,,,,,https://reg.energyrating.gov.au/static/common/images/star_ratings_2014/aircon_rating_1.5_2.5.png,AAC3428,2019
83,GEMS (Air Conditioners and Heat Pumps) Determination 2013 [Non Multi-Split],MEPS Oct 2011,AS/NZS 3823.1.1:2012,TAC-07CHWA/C,TAC-07CHWA/*,TCL,0.3,Non Ducted,Window Wall,,Air,Air,China,0.68,1.9,2.2,,0.0,0.0,0.0,,0.6,2.05,Calorimeter Room,3.182,3.5508,False,0.0,1.381,1.381,0.0,0.0,,3.16013195159612,3.5215016135442596,1.8203,2.543,1.5,2.5,Calorimeter Room,Single,R410A,"Australia,Fiji,New Zealand",115964,2023-08-27,,Approved,Reverse Cycle,,Class 1,False,,False,,,,,3.182,Available,,,,,https://reg.energyrating.gov.au/static/common/images/star_ratings_2014/aircon_rating_1.5_2.5.png,AAC3428,2019
84,GEMS (Air Conditioners and Heat Pumps) Determination 2013 [Non Multi-Split],MEPS Oct 2011,AS/NZS 3823.1.1:2012,TAC-07CHWA/D,TAC-07CHWA/*,TCL,0.3,Non Ducted,Window Wall,,Air,Air,China,0.68,1.9,2.2,,0.0,0.0,0.0,,0.6,2.05,Calorimeter Room,3.182,3.5508,False,0.0,1.381,1.381,0.0,0.0,,3.16013195159612,3.5215016135442596,1.8203,2.543,1.5,2.5,Calorimeter Room,Single,R410A,"Australia,Fiji,New Zealand",115964,2023-08-27,,Approved,Reverse Cycle,,Class 1,False,,False,,,,,3.182,Available,,,,,https://reg.energyrating.gov.au/static/common/images/star_ratings_2014/aircon_rating_1.5_2.5.png,AAC3428,2019
85,GEMS (Air Conditioners and Heat Pumps) Determination 2013 [Non Multi-Split],MEPS Oct 2011,AS/NZS 3823.1.1:2012,TAC-07CHWA/E,TAC-07CHWA/*,TCL,0.3,Non Ducted,Window Wall,,Air,Air,China,0.68,1.9,2.2,,0.0,0.0,0.0,,0.6,2.05,Calorimeter Room,3.182,3.5508,False,0.0,1.381,1.381,0.0,0.0,,3.16013195159612,3.5215016135442596,1.8203,2.543,1.5,2.5,Calorimeter Room,Single,R410A,"Australia,Fiji,New Zealand",115964,2023-08-27,,Approved,Reverse Cycle,,Class 1,False,,False,,,,,3.182,Available,,,,,https://reg.energyrating.gov.au/static/common/images/star_ratings_2014/aircon_rating_1.5_2.5.png,AAC3428,2019
86,GEMS (Air Conditioners and Heat Pumps) Determination 2013 [Non Multi-Split],MEPS Oct 2011,AS/NZS 3823.1.1:2012,TAC-07CHWA/F,TAC-07CHWA/*,TCL,0.3,Non Ducted,Window Wall,,Air,Air,China,0.68,1.9,2.2,,0.0,0.0,0.0,,0.6,2.05,Calorimeter Room,3.182,3.5508,False,0.0,1.381,1.381,0.0,0.0,,3.16013195159612,3.5215016135442596,1.8203,2.543,1.5,2.5,Calorimeter Room,Single,R410A,"Australia,Fiji,New Zealand",115964,2023-08-27,,Approved,Reverse Cycle,,Class 1,False,,False,,,,,3.182,Available,,,,,https://reg.energyrating.gov.au/static/common/images/star_ratings_2014/aircon_rating_1.5_2.5.png,AAC3428,2019
87,GEMS (Air Conditioners and Heat Pumps) Determination 2013 [Non Multi-Split],MEPS Oct 2011,AS/NZS 3823.1.1:2012,TAC-07CHWA/G,TAC-07CHWA/*,TCL,0.3,Non Ducted,Window Wall,,Air,Air,China,0.68,1.9,2.2,,0.0,0.0,0.0,,0.6,2.05,Calorimeter Room,3.182,3.5508,False,0.0,1.381,1.381,0.0,0.0,,3.16013195159612,3.5215016135442596,1.8203,2.543,1.5,2.5,Calorimeter Room,Single,R410A,"Australia,Fiji,New Zealand",115964,2023-08-27,,Approved,Reverse Cycle,,Class 1,False,,False,,,,,3.182,Available,,,,,https://reg.energyrating.gov.au/static/common/images/star_ratings_2014/aircon_rating_1.5_2.5.png,AAC3428,2019
88,GEMS (Air Conditioners and Heat Pumps) Determination 2013 [Non Multi-Split],MEPS Oct 2011,AS/NZS 3823.1.1:2012,TAC-07CHWA/H,TAC-07CHWA/*,TCL,0.3,Non Ducted,Window Wall,,Air,Air,China,0.68,1.9,2.2,,0.0,0.0,0.0,,0.6,2.05,Calorimeter Room,3.182,3.5508,False,0.0,1.381,1.381,0.0,0.0,,3.16013195159612,3.5215016135442596,1.8203,2.543,1.5,2.5,Calorimeter Room,Single,R410A,"Australia,Fiji,New Zealand",115964,2023-08-27,,Approved,Reverse Cycle,,Class 1,False,,False,,,,,3.182,Available,,,,,https://reg.energyrating.gov.au/static/common/images/star_ratings_2014/aircon_rating_1.5_2.5.png,AAC3428,2019
89,GEMS (Air Conditioners and Heat Pumps) Determination 2013 [Non Multi-Split],MEPS Oct 2011,AS/NZS 3823.1.1:2012,TAC-07CHWA/I,TAC-07CHWA/*,TCL,0.3,Non Ducted,Window Wall,,Air,Air,China,0.68,1.9,2.2,,0.0,0.0,0.0,,0.6,2.05,Calorimeter Room,3.182,3.5508,False,0.0,1.381,1.381,0.0,0.0,,3.16013195159612,3.5215016135442596,1.8203,2.543,1.5,2.5,Calorimeter Room,Single,R410A,"Australia,Fiji,New Zealand",115964,2023-08-27,,Approved,Reverse Cycle,,Class 1,False,,False,,,,,3.182,Available,,,,,https://reg.energyrating.gov.au/static/common/images/star_ratings_2014/aircon_rating_1.5_2.5.png,AAC3428,2019
90,GEMS (Air Conditioners and Heat Pumps) Determination 2013 [Non Multi-Split],MEPS Oct 2011,AS/NZS 3823.1.1:2012,IACS-BW-26,,IACS,0.45,Non Ducted,Window Wall,,Air,Air,China,0.79,2.15,2.6,380.0,0.0,0.0,0.0,560.0,0.73,2.4,Calorimeter Room,3.2246,3.4061,False,0.0,2.0,2.0,0.0,0.0,,3.1971916050128297,3.37292435424354,1.8944,2.2458,1.5,2.0,Calorimeter Room,Single,R410A,Australia,116807,2023-09-19,,Approved,Reverse Cycle,600.0,Class 1,False,,False,,,,,3.2246,Available,http://hao.tcl.com/,,,,https://reg.energyrating.gov.au/static/common/images/star_ratings_2014/aircon_rating_1.5_2.png,AAC3462,2019
91,GEMS (Air Conditioners and Heat Pumps) Determination 2013 [Non Multi-Split],MEPS Oct 2011,AS/NZS 3823.1.1:2012,IACS-BW-41,,IACS,0.74,Non Ducted,Window Wall,,Air,Air,China,1.25,3.36,4.1,680.0,0.0,0.0,0.0,430.0,1.09,3.6,Calorimeter Room,3.1766,3.4927,False,0.0,2.0,2.0,0.0,0.0,,3.15965221774194,3.47139397882106,1.8193,2.4428,1.5,2.0,Calorimeter Room,Single,R410A,Australia,116849,2023-09-21,,Approved,Reverse Cycle,660.0,Class 1,False,,False,,,,,3.1766,Available,http://hao.tcl.com/,,,,https://reg.energyrating.gov.au/static/common/images/star_ratings_2014/aircon_rating_1.5_2.png,AAC3466,2019
92,GEMS (Air Conditioners and Heat Pumps) Determination 2013 [Non Multi-Split],MEPS Oct 2011,AS/NZS 3823.1.1:2012,DCB09C,,DIMPLEX,0.6,Non Ducted,Window Wall,,Air,,China,0.83,2.1,2.7,560.0,0.0,0.0,0.0,380.0,0.0,0.0,Calorimeter Room,3.3385,0.0,False,0.0,1.15,0.0,0.0,0.0,,3.32306607912731,0.0,2.1461,0.0,2.0,0.0,Calorimeter Room,Single,R410A,"Australia,Fiji,New Zealand",117578,2023-11-13,,Approved,Cooling Only,600.0,Class 1,False,,False,,,,,3.3385,Available,,http://www.dimplex.co.nz,,https://reg.energyrating.gov.au/static/common/images/star_ratings_2014/Blue_EnergyStarRating_2_Star.eps,https://reg.energyrating.gov.au/static/common/images/star_ratings_2014/Blue_EnergyStarRating_2_Star.png,AAC3512,2019
93,GEMS (Air Conditioners and Heat Pumps) Determination 2013 [Non Multi-Split],MEPS Oct 2011,AS/NZS 3823.1.1:2012,TCLWB09C,,TCL,0.6,Non Ducted,Window Wall,,Air,,China,0.83,2.1,2.7,560.0,0.0,0.0,0.0,380.0,0.0,0.0,Calorimeter Room,3.3385,0.0,False,0.0,1.15,0.0,0.0,0.0,,3.32306607912731,0.0,2.1461,0.0,2.0,0.0,Calorimeter Room,Single,R410A,"Australia,Fiji,New Zealand",117588,2023-11-14,,Approved,Cooling Only,600.0,Class 1,False,,False,,,,,3.3385,Available,,,,https://reg.energyrating.gov.au/static/common/images/star_ratings_2014/Blue_EnergyStarRating_2_Star.eps,https://reg.energyrating.gov.au/static/common/images/star_ratings_2014/Blue_EnergyStarRating_2_Star.png,AAC3514,2019
94,GEMS (Air Conditioners and Heat Pumps) Determination 2013 [Non Multi-Split],MEPS Oct 2011,AS/NZS 3823.1.1:2012,DCB07,,DIMPLEX,0.3,Non Ducted,Window Wall,,Air,Air,China,0.68,1.9,2.2,560.0,0.0,0.0,0.0,380.0,0.6,2.05,Calorimeter Room,3.182,3.5508,False,0.0,1.381,1.381,0.0,0.0,,3.16013195159612,3.5215016135442596,1.8203,2.543,1.5,2.5,Calorimeter Room,Single,R410A,"Australia,Fiji,New Zealand",117601,2023-11-14,,Approved,Reverse Cycle,600.0,Class 1,False,,False,,,,,3.182,Available,,http://www.dimplex.co.nz,,,https://reg.energyrating.gov.au/static/common/images/star_ratings_2014/aircon_rating_1.5_2.5.png,AAC3513,2019
95,GEMS (Air Conditioners and Heat Pumps) Determination 2013 [Non Multi-Split],MEPS Oct 2011,AS/NZS 3823.1.1:2012,TCLWB07,,TCL,0.3,Non Ducted,Window Wall,,Air,Air,China,0.68,1.9,2.2,560.0,0.0,0.0,0.0,380.0,0.6,2.05,Calorimeter Room,3.182,3.5508,False,0.0,1.381,1.381,0.0,0.0,,3.16013195159612,3.5215016135442596,1.8203,2.543,1.5,2.5,Calorimeter Room,Single,R410A,"Australia,Fiji,New Zealand",117617,2023-11-14,,Approved,Reverse Cycle,600.0,Class 1,False,,False,,,,,3.182,Available,,,,,https://reg.energyrating.gov.au/static/common/images/star_ratings_2014/aircon_rating_1.5_2.5.png,AAC3515,2019
