Submit_ID,Brand_Reg,Model_No,Family Name,N-Reg_Date,Reg_No,SoldIn,Country,Prod_conf,input_power_min,input_power_max,decoding_type,autostandby,hdmistandby,psv_standby_power,act_standby_power,onmode_power,Apply_type_for,url,ExpDate,GrandDate,SubmitStatus,Product Class,Availability Status
82234,COSHIP,Mega 1,,2014-07-18,AST0010,Australia,China,STB FTA Terrestrial,,,HD and SD,,,0.0,0.97,5.85,MEPS Only,,2019-07-18,,Approved,Class 2,Available
84946,GVA,GVADH1685P,,2014-10-13,AST0012,Australia,China,STB FTA Terrestrial,,,HD and SD,,,0.34,3.162,3.327,MEPS Only,,2019-10-13,,Approved,Class 2,Available
85520,Moon Box,MoonBox III,,2014-11-05,AST0013,"Australia,Fiji,New Zealand",China,DTV STB Free-to-air (FTA) Satellite,,,HD and SD,,,0.74,5.46,11.68,MEPS Only,,2019-11-05,,Approved,Class 2,Available
87373,DishTV,T2100,,2015-02-02,AST0014,"Australia,Fiji,New Zealand",China,STB FTA Terrestrial,,,HD and SD,,,0.67,0.0,5.72,MEPS Only,,2020-02-02,,Approved,Class 2,Available
96995,Netgem,N7800,,2016-03-30,AST0016,"Australia,Fiji,New Zealand",China,STB FTA Terrestrial,,,HD and SD,,,0.57,0.0,7.22,MEPS Only,,2021-03-30,,Approved,Class 2,Available
98031,simplecontrol,VM24S,VM64S,2016-04-15,AST0017,"Australia,New Zealand",China,STB STV Cable,,,HD and SD,,,1.84,2.45,4.3,MEPS Only,,2021-04-15,,Approved,Class 3,Available
98031,simplecontrol,VM44S,VM64S,2016-04-15,AST0017,"Australia,New Zealand",China,STB STV Cable,,,HD and SD,,,1.84,2.45,4.3,MEPS Only,,2021-04-15,,Approved,Class 3,Available
98031,simplecontrol,VM54S,VM64S,2016-04-15,AST0017,"Australia,New Zealand",China,STB STV Cable,,,HD and SD,,,1.84,2.45,4.3,MEPS Only,,2021-04-15,,Approved,Class 3,Available
98031,simplecontrol,VM64S,VM64S,2016-04-15,AST0017,"Australia,New Zealand",China,STB STV Cable,,,HD and SD,,,1.84,2.45,4.3,MEPS Only,,2021-04-15,,Approved,Class 3,Available
99963,Fetch TV,H626T,,2016-07-05,AST0018,Australia,China,STB FTA Terrestrial,0.3,24.0,HD and SD,,,0.6,5.4,6.54,MEPS Only,,2021-07-05,,Approved,Class 2,Available
100755,Dynalink,A 2856,,2016-07-26,AST0019,"Australia,Fiji",China,DTV STB Free-to-air (FTA) Satellite,,,HD and SD,,,2.0,0.0,4.8,MEPS Only,,2021-07-26,,Approved,Class 2,Available
100991,LeEco,LBA-020-WW,,2016-08-02,AST0020,Australia,China,STB FTA Terrestrial,,,HD and SD,,,0.35,1.51,5.42,MEPS Only,,2021-08-02,,Approved,Class 2,Available
101386,Thomson,DH1685,DH1685P,2016-08-17,AST0021,Australia,China,STB FTA Terrestrial,,,HD and SD,,,0.34,3.162,3.327,MEPS Only,,2021-08-17,,Approved,Class 2,Available
101386,Thomson,DH1685P,DH1685P,2016-08-17,AST0021,Australia,China,STB FTA Terrestrial,,,HD and SD,,,0.34,3.162,3.327,MEPS Only,,2021-08-17,,Approved,Class 2,Available
101386,Target,DH1685P,DH1685P,2016-08-17,AST0021,Australia,China,STB FTA Terrestrial,,,HD and SD,,,0.34,3.162,3.327,MEPS Only,,2021-08-17,,Approved,Class 2,Available
101777,DishTV,T2100,,2016-09-13,AST0022,"Australia,Fiji,New Zealand",China,STB FTA Terrestrial,,,HD and SD,,,0.47,0.0,6.11,MEPS Only,,2021-09-13,,Approved,Class 2,Available
105986,Linden,LHDSTB17,,2017-03-28,AST0023,Australia,China,STB FTA Terrestrial,,,HD and SD,,,0.36,3.28,3.652,MEPS Only,,2022-03-28,,Approved,Class 2,Available
107476,LG,STB-5500-GB,,2017-06-16,AST0024,"Australia,New Zealand",South Korea,STB FTA Terrestrial,,,HD and SD,,,0.16,0.0,12.9,MEPS Only,,2022-06-16,,Approved,Class 2,Available
110714,Altech UEC,DSD 4921 RV,DSD 4921 RV,2017-10-31,AST0025,"Australia,Fiji,New Zealand",South Africa,STB STV Satellite,,,HD and SD,,,0.0,5.5,5.85,MEPS Only,,2022-10-31,,Approved,Class 4,Available
110714,Altech UEC,DSD 4921 TVPLUS,DSD 4921 RV,2017-10-31,AST0025,"Australia,Fiji,New Zealand",South Africa,STB STV Satellite,,,HD and SD,,,0.0,5.5,5.85,MEPS Only,,2022-10-31,,Approved,Class 4,Available
110750,Telstra TV,4700TL,,2017-11-01,AST0026,Australia,China,STB FTA Terrestrial,,,HD and SD,,,1.87,0.0,2.94,MEPS Only,,2022-11-01,,Approved,Class 2,Available
111275,TEAC,HDB860,,2018-02-05,AST0028,Australia,China,DTV STB Free-to-air (FTA) Satellite,,,HD and SD,,,0.63,0.61,7.64,MEPS Only,,2023-02-05,,Approved,Class 2,Available
111756,Linden,LHDSTB17a,,2017-12-22,AST0027,Australia,China,STB FTA Terrestrial,,,HD and SD,,,0.41,3.911,4.253,MEPS Only,,2022-12-22,,Approved,Class 2,Available
119907,TEAC,TSB100,,2019-04-11,AST0030,Australia,China,STB FTA Terrestrial,,,HD and SD,,,0.135,3.99,3.99,MEPS Only,,2024-04-11,,Approved,Class 2,Available
