Clothes_washer_id,Model_No,Brand,Country,Power,Update_time
0,XQJ50 31A,Haier,China,480,2019-04-24 19:04:39
1,W93,INDESIT,Italy,240,2019-04-24 19:04:39
2,WE12,INDESIT,Italy,277,2019-04-24 19:04:39
3,WD11,INDESIT,Italy,327,2019-04-24 19:04:39
4,S750,SMEG,Chile,380,2019-04-24 19:04:39
5,S650,SMEG,Chile,377,2019-04-24 19:04:39
6,6,MALBER,Italy,231,2019-04-24 19:04:39
7,CB 103 TR,CANDY,Italy,654,2019-04-24 19:04:39
8,W6444,ASKO,Sweden,180,2019-04-24 19:04:39
9,W6564,ASKO,Sweden,180,2019-04-24 19:04:39
10,W6984,ASKO,Sweden,180,2019-04-24 19:04:39
11,W6884,ASKO,Sweden,180,2019-04-24 19:04:39
12,WTWE75AW1,WHIRLPOOL,India,620,2019-04-24 19:04:39
13,WTWE85IG1,WHIRLPOOL,India,462,2019-04-24 19:04:39
14,WTWE85IW1,WHIRLPOOL,India,462,2019-04-24 19:04:39
15,WTWE85IW1 / WTWE85IG1,WHIRLPOOL,India,462,2019-04-24 19:04:39
16,HWFE7510,HISENSE,China,420,2019-04-24 19:04:39
17,EFL6KWH,EURO,China,265,2019-04-24 19:04:39
18,GreenTech10A,Brav,China,432,2019-04-24 19:04:39
19,WMY 1048 LB1,BEKO,Turkey,380,2019-04-24 19:04:39
20,TL6KG,EUROMAID,China,544,2019-04-24 19:04:39
21,ARMF125 (AUS),Ariston,Italy,544,2019-04-24 19:04:39
22,ARMF125 (AUS)1,Ariston,Italy,544,2019-04-24 19:04:39
23,ARXF125,Ariston,Italy,544,2019-04-24 19:04:39
24,IWDC 7125,Indesit,Italy,544,2019-04-24 19:04:39
25,IWDC 7125 B (AUS),Indesit,Italy,544,2019-04-24 19:04:39
26,IWDC 7125 B (AUS)1,Indesit,Italy,544,2019-04-24 19:04:39
27,TL8KG,EUROMAID,China,586,2019-04-24 19:04:39
28,NA-F85H3W**,Panasonic,Taiwan,730,2019-04-24 19:04:39
29,NA-F85H3WAU,Panasonic,Taiwan,730,2019-04-24 19:04:39
30,NA-F85H3WNZ,Panasonic,Taiwan,730,2019-04-24 19:04:39
31,WH8060P*,Fisher & Paykel,China,295,2019-04-24 19:04:39
32,WH8060P2,Fisher & Paykel,China,295,2019-04-24 19:04:39
33,WH8060P*,FISHER & PAYKEL,China,295,2019-04-24 19:04:39
34,WH8060P1,FISHER & PAYKEL,China,295,2019-04-24 19:04:39
35,LW5,Lemair,China,420,2019-04-24 19:04:39
36,LTT8,Lemair,China,662,2019-04-24 19:04:39
37,AQ82F 29 AUS,Ariston,Italy,297,2019-04-24 19:04:39
38,AQ82L 29 AUS,Ariston,Italy,297,2019-04-24 19:04:39
39,AQ82 Series,Ariston,Italy,297,2019-04-24 19:04:39
40,AQ94F 49D AUS,Ariston,Italy,256,2019-04-24 19:04:39
41,AQ104D 69D AUS,Ariston,Italy,289,2019-04-24 19:04:39
42,WA10J7750GW,SAMSUNG ELECTRONICS,China,561,2019-04-24 19:04:39
43,TWM80TTAMFBE,Teco,China,662,2019-04-24 19:04:39
44,WDA 210 WPM,MIELE,"Germany,Czechia",242,2019-04-24 19:04:39
45,WDA 110,MIELE,"Czechia,Germany",242,2019-04-24 19:04:39
46,TWM65TTAMFBE,Teco,China,501,2019-04-24 19:04:39
47,TWM100TTAMFBE,Teco,China,811,2019-04-24 19:04:39
48,WK*130,MIELE,"Czechia,Germany",230,2019-04-24 19:04:39
49,WKB130,MIELE,"Czechia,Germany",230,2019-04-24 19:04:39
50,WKG130,MIELE,"Czechia,Germany",230,2019-04-24 19:04:39
51,WK***0,MIELE,"Czechia,Germany",231,2019-04-24 19:04:39
52,WKF130,MIELE,"Czechia,Germany",231,2019-04-24 19:04:39
53,WKF130 WPS,MIELE,"Czechia,Germany",231,2019-04-24 19:04:39
54,WKH130 WPS,MIELE,"Czechia,Germany",231,2019-04-24 19:04:39
55,WKR770 WPS,MIELE,"Czechia,Germany",231,2019-04-24 19:04:39
56,WAS28464AU,BOSCH,China,260,2019-04-24 19:04:39
57,WA1068P*,FISHER & PAYKEL,Thailand,345,2019-04-24 19:04:39
58,WA1068P1,FISHER & PAYKEL,Thailand,345,2019-04-24 19:04:39
59,BFL50AUA,BENCO,China,406,2019-04-24 19:04:39
60,WA55T56GW*,FISHER & PAYKEL,Thailand,487,2019-04-24 19:04:39
61,WA55T56GW1,FISHER & PAYKEL,Thailand,487,2019-04-24 19:04:39
62,MB70T,tisira,China,527,2019-04-24 19:04:39
63,WD1200D,LG,China,343,2019-04-24 19:04:39
64,DXT 58H/1-AUS,Hoover,Italy,238,2019-04-24 19:04:39
65,DXA 47/1-AUS,Hoover,China,313,2019-04-24 19:04:39
66,DXC 27/1-AUS,Hoover,China,285,2019-04-24 19:04:39
67,MTM65-P701PQ,tisira,China,501,2019-04-24 19:04:39
68,XQG30-881E,DAEWOO,North Korea,300,2019-04-24 19:04:39
69,Simpson,SIMPSON,Thailand,383,2019-04-24 19:04:39
70,SWT5541,SIMPSON,Thailand,383,2019-04-24 19:04:39
71,SWT5541B,SIMPSON,Thailand,383,2019-04-24 19:04:39
72,SWT6541,SIMPSON,Australia,440,2019-04-24 19:04:39
73,WWT6541,Westinghouse,Thailand,440,2019-04-24 19:04:39
74,BFL70AUA,BENCO,China,455,2019-04-24 19:04:39
75,BAW80AUA,BENCO,China,586,2019-04-24 19:04:39
76,BAW60AUA,BENCO,China,544,2019-04-24 19:04:39
77,PAL1000TT,Palsonic,China,811,2019-04-24 19:04:39
78,BAW70AUA,BENCO,China,527,2019-04-24 19:04:39
79,ETL6,Esatto,China,544,2019-04-24 19:04:39
80,**TL6,Esatto,China,544,2019-04-24 19:04:39
81,ETL8,Esatto,China,586,2019-04-24 19:04:39
82,**TL8,Esatto,China,586,2019-04-24 19:04:39
83,SWF12743,SIMPSON,Thailand,303,2019-04-24 19:04:39
84,SWF14743,SIMPSON,Thailand,347,2019-04-24 19:04:39
85,SWF12843,SIMPSON,Thailand,373,2019-04-24 19:04:39
86,SWF14843,SIMPSON,Thailand,391,2019-04-24 19:04:39
87,TL10KG,EUROMAID,China,973,2019-04-24 19:04:39
88,WMY 9046 LB2,BEKO,Turkey,360,2019-04-24 19:04:39
89,WMY 7046 LB2,BEKO,Turkey,280,2019-04-24 19:04:39
90,BTLW10,Baumatic,China,973,2019-04-24 19:04:39
91,WMY 8046 LB2,BEKO,Turkey,320,2019-04-24 19:04:39
92,WD10J8420GW,SAMSUNG ELECTRONICS,South Korea,278,2019-04-24 19:04:39
93,XWA 71283 W AUS,INDESIT,Poland,256,2019-04-24 19:04:39
94,AWNE+,SPEED QUEEN,United States of America,1172,2019-04-24 19:04:39
95,AWNE82SN303AW01,SPEED QUEEN,United States of America,1172,2019-04-24 19:04:39
96,AWNE92SN303AW01,SPEED QUEEN,United States of America,1172,2019-04-24 19:04:39
97,EFL8KGW,EURO,Turkey,292,2019-04-24 19:04:39
98,10kg Front load range,SPEED QUEEN,United States of America,641,2019-04-24 19:04:39
99,AFNE9BSP303AN01,SPEED QUEEN,United States of America,641,2019-04-24 19:04:39
100,AFNE9BSP303AW01,SPEED QUEEN,United States of America,641,2019-04-24 19:04:39
101,ATEE9AWP433AW01,SPEED QUEEN,United States of America,641,2019-04-24 19:04:39
102,ATGE9AWP303AW01,SPEED QUEEN,United States of America,641,2019-04-24 19:04:39
103,LFNE5BSP303AW01,SPEED QUEEN,United States of America,641,2019-04-24 19:04:39
104,LFNE5BSP303AW12,SPEED QUEEN,United States of America,641,2019-04-24 19:04:39
105,LTEE5ASP433AW01,SPEED QUEEN,United States of America,641,2019-04-24 19:04:39
106,LTEE5ASP433AW12,SPEED QUEEN,United States of America,641,2019-04-24 19:04:39
107,LTGE5ASP303AW01,SPEED QUEEN,United States of America,641,2019-04-24 19:04:39
108,LTGE5ASP303AW12,SPEED QUEEN,United States of America,641,2019-04-24 19:04:39
109,NA-128VG5,Panasonic,"China,Japan",295,2019-04-24 19:04:39
110,LWM-FF7-A*10TE,Lectroni,China,340,2019-04-24 19:04:39
111,LWM-FF7-A210TE,Lectroni,China,340,2019-04-24 19:04:39
112,LWM-FF7-A510TE,Lectroni,China,340,2019-04-24 19:04:39
113,LWM-FF7-A810TE,Lectroni,China,340,2019-04-24 19:04:39
114,LWM-FF6-A*12TE,Lectroni,China,245,2019-04-24 19:04:39
115,LWM-FF6-A212TE,Lectroni,China,245,2019-04-24 19:04:39
116,LWM-FF6-A512TE,Lectroni,China,245,2019-04-24 19:04:39
117,LWM-FF6-A812TE,Lectroni,China,245,2019-04-24 19:04:39
118,MTWR45,Midea,China,464,2019-04-24 19:04:39
119,MTWM60,Midea,China,544,2019-04-24 19:04:39
120,MTWM80,Midea,China,586,2019-04-24 19:04:39
121,MFWS512,Midea,China,406,2019-04-24 19:04:39
122,WA10J,SAMSUNG ELECTRONICS,China,604,2019-04-24 19:04:39
123,WA10J7700GW,SAMSUNG ELECTRONICS,China,604,2019-04-24 19:04:39
124,WA10J8700GP,SAMSUNG ELECTRONICS,China,604,2019-04-24 19:04:39
125,WA10J8700GW,SAMSUNG ELECTRONICS,China,604,2019-04-24 19:04:39
126,WA10J8800GP,SAMSUNG ELECTRONICS,China,604,2019-04-24 19:04:39
127,MFWS712,Midea,China,455,2019-04-24 19:04:39
128,MTWM95,Midea,China,762,2019-04-24 19:04:39
129,TWDC1400,TECHNIKA,China,330,2019-04-24 19:04:39
130,MFS70-S1213,MXT,China,455,2019-04-24 19:04:39
131,SWT8542A,SIMPSON,Thailand,395,2019-04-24 19:04:39
132,F13,BOSCH,"Turkey,India",264,2019-04-24 19:04:39
133,WAK24160AU,BOSCH,"Turkey,India",264,2019-04-24 19:04:39
134,WAK24220AU,BOSCH,"Turkey,India",264,2019-04-24 19:04:39
135,SAWS8160,Smeg,Turkey,400,2019-04-24 19:04:39
136,XQB60-M933,Stirling,China,477,2019-04-24 19:04:39
137,AQD1071D 69ID AUS,ARISTON,Italy,289,2019-04-24 19:04:39
138,ARF 105 AUS.M,ARISTON,Turkey,573,2019-04-24 19:04:39
139,HTL80,EUROMAID,China,835,2019-04-24 19:04:39
140,MB45T,tisira,China,464,2019-04-24 19:04:39
141,HTL55,EUROMAID,China,565,2019-04-24 19:04:39
142,WW75J4213IW,SAMSUNG,North Korea,262,2019-04-24 19:04:39
143,WW75J5210IW,SAMSUNG,North Korea,262,2019-04-24 19:04:39
144,WW75J****IW,SAMSUNG,North Korea,262,2019-04-24 19:04:39
145,WA8060P1,FISHER & PAYKEL,Thailand,290,2019-04-24 19:04:39
146,G5FLWW15,GVA,China,397,2019-04-24 19:04:39
147,XQG90-14D,Euroclean,China,358,2019-04-24 19:04:39
148,WA7060M1,FISHER & PAYKEL,Thailand,580,2019-04-24 19:04:39
149,AWT60P1,Aspira,China,630,2019-04-24 19:04:39
150,WA8060G1,FISHER & PAYKEL,Thailand,580,2019-04-24 19:04:39
151,SAWS1014,Smeg,Turkey,380,2019-04-24 19:04:39
152,WA7060G1,FISHER & PAYKEL,Thailand,530,2019-04-24 19:04:39
153,WA8060E1,FISHER & PAYKEL,Thailand,290,2019-04-24 19:04:39
154,WA7060E1,FISHER & PAYKEL,Thailand,250,2019-04-24 19:04:39
155,CL6TLW,CLASSIQUE,China,544,2019-04-24 19:04:39
156,CL8TLW,CLASSIQUE,China,586,2019-04-24 19:04:39
157,CL7FLW,CLASSIQUE,China,432,2019-04-24 19:04:39
158,NWM60,NOUVEAU,China,544,2019-04-24 19:04:39
159,WD75J5410AW,SAMSUNG ELECTRONICS,China,290,2019-04-24 19:04:39
160,CL7FLWD,CLASSIQUE,China,330,2019-04-24 19:04:39
161,WW85J5410IW,SAMSUNG ELECTRONICS,China,312,2019-04-24 19:04:39
162,BFL8KG,Baumatic,Turkey,394,2019-04-24 19:04:39
163,WAE22466AU,BOSCH,Poland,265,2019-04-24 19:04:39
164,TL80AU,Fairhall,China,586,2019-04-24 19:04:39
165,WMV 960 WPS,MIELE,"Czechia,Germany",219,2019-04-24 19:04:39
166,TW-6KG,Tuscany,China,544,2019-04-24 19:04:39
167,TL60AU,Fairhall,China,544,2019-04-24 19:04:39
168,WL8060P1,FISHER & PAYKEL,Thailand,300,2019-04-24 19:04:39
169,WA85J6750SW,SAMSUNG,Thailand,709,2019-04-24 19:04:39
170,BWM55,Baumatic,China,401,2019-04-24 19:04:39
171,My-PRO,Electrolux,Italy,293,2019-04-24 19:04:39
172,WE170P,Electrolux,Italy,293,2019-04-24 19:04:39
173,WE170V,Electrolux,Italy,293,2019-04-24 19:04:39
174,WAW28540AU,BOSCH,Germany,250,2019-04-24 19:04:39
175,L99699HWD,AEG,Italy,383,2019-04-24 19:04:39
176,WW80J4413IW,SAMSUNG ELECTRONICS,"China,Thailand",290,2019-04-24 19:04:39
177,HWMSP60,Haier,China,505,2019-04-24 19:04:39
178,HWMSP70,Haier,China,510,2019-04-24 19:04:39
179,ECJI9KG,Euroclean,China,640,2019-04-24 19:04:39
180,SWT6541*,SIMPSON,Thailand,440,2019-04-24 19:04:39
181,SWT6541M,SIMPSON,Thailand,440,2019-04-24 19:04:39
182,SWT6541Q,SIMPSON,Thailand,440,2019-04-24 19:04:39
183,SWT6541T,SIMPSON,Thailand,440,2019-04-24 19:04:39
184,D-CV701PCMCX,DAEWOO,South Korea,253,2019-04-24 19:04:39
185,DWD-M301WD,DAEWOO,South Korea,253,2019-04-24 19:04:39
186,WAT24261AU,BOSCH,India,300,2019-04-24 19:04:39
187,F15G,BOSCH,China,314,2019-04-24 19:04:39
188,WAP28380AU,BOSCH,China,314,2019-04-24 19:04:39
189,WAP28480AU,BOSCH,China,314,2019-04-24 19:04:39
190,WAW32640AU,BOSCH,Germany,250,2019-04-24 19:04:39
191,F23P(i),SIEMENS,Germany,250,2019-04-24 19:04:39
192,WM16W590AU,SIEMENS,Germany,250,2019-04-24 19:04:39
193,WM16W690AU,SIEMENS,Germany,250,2019-04-24 19:04:39
194,F23X(i),BOSCH,Germany,250,2019-04-24 19:04:39
195,WAY32790AU,BOSCH,Germany,250,2019-04-24 19:04:39
196,WAY32890AU,BOSCH,Germany,250,2019-04-24 19:04:39
197,F23X(i),SIEMENS,Germany,250,2019-04-24 19:04:39
198,WM16Y792AU,SIEMENS,Germany,250,2019-04-24 19:04:39
199,WM16Y892AU,SIEMENS,Germany,250,2019-04-24 19:04:39
200,DWD-FC1241A,Daewoo,North Korea,373,2019-04-24 19:04:39
201,BWP8,Baumatic,Turkey,394,2019-04-24 19:04:39
202,WT 2780,MIELE,Germany,200,2019-04-24 19:04:39
203,BWP9,Baumatic,Turkey,535,2019-04-24 19:04:39
204,TFLW75,Teka,China,360,2019-04-24 19:04:39
205,WW65J3263IW,Samsung,China,295,2019-04-24 19:04:39
206,PW-F85-W,PARMCO,South Korea,280,2019-04-24 19:04:39
207,XQB90-955,ZEROWATT,China,640,2019-04-24 19:04:39
208,F15G,SIEMENS,China,314,2019-04-24 19:04:39
209,WM14P380AU,SIEMENS,China,314,2019-04-24 19:04:39
210,WM14P480AU,SIEMENS,China,314,2019-04-24 19:04:39
211,WH8560F1,FISHER & PAYKEL,China,329,2019-04-24 19:04:39
212,WH8060F1,FISHER & PAYKEL,China,319,2019-04-24 19:04:39
213,WAW28460AU,BOSCH,Germany,320,2019-04-24 19:04:39
214,DWC-LD1412,DAEWOO,South Korea,318,2019-04-24 19:04:39
215,DWD-LD1411,DAEWOO,South Korea,318,2019-04-24 19:04:39
216,DWD-LD1412,DAEWOO,South Korea,318,2019-04-24 19:04:39
217,DWD-LD1422,DAEWOO,South Korea,318,2019-04-24 19:04:39
218,WM14W440AU,SIEMENS,Germany,320,2019-04-24 19:04:39
219,BWL5,Baumatic,China,420,2019-04-24 19:04:39
220,WF16J9000KW,SAMSUNG ELECTRONICS,"Thailand,China",467,2019-04-24 19:04:39
221,EFLW6,Esatto,China,322,2019-04-24 19:04:39
222,XWDE 8612X AUS,INDESIT,Italy,306,2019-04-24 19:04:39
223,DWF-85LEPM5A,Daewoo,South Korea,689,2019-04-24 19:04:39
224,BFLW76,Baumatic,China,543,2019-04-24 19:04:39
225,W6564W,ASKO,Slovenia,149,2019-04-24 19:04:39
226,W6864W,ASKO,Slovenia,244,2019-04-24 19:04:39
227,W6884 ECO W,ASKO,Slovenia,151,2019-04-24 19:04:39
228,W8844 ECO W,ASKO,Slovenia,266,2019-04-24 19:04:39
229,W8844 Series,ASKO,Slovenia,266,2019-04-24 19:04:39
230,W8844W,ASKO,Slovenia,266,2019-04-24 19:04:39
231,W8844XL ECO W,ASKO,Slovenia,266,2019-04-24 19:04:39
232,SWT1042A,SIMPSON,Thailand,462,2019-04-24 19:04:39
233,SWT6041,SIMPSON,Thailand,489,2019-04-24 19:04:39
234,DXA 175AH/1-AUS,Hoover,"China,Italy",248,2019-04-24 19:04:39
235,DWF-65GAWCA,Daewoo,China,573,2019-04-24 19:04:39
236,CW81401,AWARD,Turkey,292,2019-04-24 19:04:39
237,WMC64P,ASKO,Slovenia,314,2019-04-24 19:04:39
238,WMC84COINDL,ASKO,Slovenia,521,2019-04-24 19:04:39
239,WMC84P,ASKO,Slovenia,521,2019-04-24 19:04:39
240,WMC84 Series,ASKO,Slovenia,521,2019-04-24 19:04:39
241,WMC84V,ASKO,Slovenia,521,2019-04-24 19:04:39
242,EL8W4DW,EURO,Turkey,277,2019-04-24 19:04:39
243,T75E1200FL-2,TECHNIKA,China,442,2019-04-24 19:04:39
244,MFWG7514,Midea,China,460,2019-04-24 19:04:39
245,DWF-75GAWCA,Daewoo,China,532,2019-04-24 19:04:39
246,DWF-85GAWCA,Daewoo,China,598,2019-04-24 19:04:39
247,WTG1432,LG,"Vietnam,China",840,2019-04-24 19:04:39
248,WMA8168LB1,BEKO,Turkey,400,2019-04-24 19:04:39
249,WDA8514AT,BEKO,Turkey,322,2019-04-24 19:04:39
250,WTG1432,LG,Vietnam,840,2019-04-24 19:04:39
251,WTG1432VHF,LG,Vietnam,840,2019-04-24 19:04:39
252,WTG1432WHF,LG,Vietnam,840,2019-04-24 19:04:39
253,WMA9148LB1,BEKO,Turkey,357,2019-04-24 19:04:39
254,WWT854,Westinghouse,Thailand,756,2019-04-24 19:04:39
255,ECTL13KG,Euroclean,China,954,2019-04-24 19:04:39
256,PW 6065 Vario,MIELE,"Czechia,Germany",250,2019-04-24 19:04:39
257,WM5,EUROMAID,China,340,2019-04-24 19:04:39
258,WM7,Euromaid,China,394,2019-04-24 19:04:39
259,ECTL5KG,Euroclean,China,350,2019-04-24 19:04:39
260,WD16J9845KG,SAMSUNG ELECTRONICS,South Korea,591,2019-04-24 19:04:39
261,WD16xxxxxKx,SAMSUNG ELECTRONICS,South Korea,591,2019-04-24 19:04:39
262,WF16N8750KV,SAMSUNG ELECTRONICS,South Korea,591,2019-04-24 19:04:39
263,FSCR12420,WHIRLPOOL,Italy,290,2019-04-24 19:04:39
264,FSCR10420,WHIRLPOOL,Italy,320,2019-04-24 19:04:39
265,FSCR80410,WHIRLPOOL,Italy,220,2019-04-24 19:04:39
266,NWM55TL,NOUVEAU,"Thailand,China",565,2019-04-24 19:04:39
267,W 1913,MIELE,Germany,210,2019-04-24 19:04:39
268,W 5000,MIELE,"Czechia,Germany",221,2019-04-24 19:04:39
269,W 5965,MIELE,"Czechia,Germany",221,2019-04-24 19:04:39
270,W 5xxx,MIELE,"Czechia,Germany",221,2019-04-24 19:04:39
271,CL65TLW,CLASSIQUE,"Thailand,Turkey,China",675,2019-04-24 19:04:39
272,CL80TLW,CLASSIQUE,"Turkey,Thailand,China",835,2019-04-24 19:04:39
273,CL70FLW,CLASSIQUE,"Thailand,Turkey,China",394,2019-04-24 19:04:39
274,CL55FLW,CLASSIQUE,"Thailand,Turkey,China",474,2019-04-24 19:04:39
275,11014,V-ZUG,Switzerland,186,2019-04-24 19:04:39
276,11013,V-ZUG,Switzerland,239,2019-04-24 19:04:39
277,11012,V-ZUG,Switzerland,291,2019-04-24 19:04:39
278,TFL7D35,Teka,China,424,2019-04-24 19:04:39
279,WA8560P1,FISHER & PAYKEL,Thailand,313,2019-04-24 19:04:39
280,WA8560E1,FISHER & PAYKEL,Thailand,313,2019-04-24 19:04:39
281,WA8560G1,FISHER & PAYKEL,Thailand,568,2019-04-24 19:04:39
282,WD13J7825KP,SAMSUNG ELECTRONICS,South Korea,611,2019-04-24 19:04:39
283,ETL95,Esatto,China,762,2019-04-24 19:04:39
284,TFLW10,Teka,China,487,2019-04-24 19:04:39
285,BWM7,Baumatic,China,506,2019-04-24 19:04:39
286,WW85K5410WW,SAMSUNG ELECTRONICS,South Korea,325,2019-04-24 19:04:39
287,WW85K6410QX,SAMSUNG ELECTRONICS,South Korea,325,2019-04-24 19:04:39
288,WAT24220AU,BOSCH,China,315,2019-04-24 19:04:39
289,WW11K8412OW,SAMSUNG,South Korea,425,2019-04-24 19:04:39
290,CX7TL,Euroclean,China,509,2019-04-24 19:04:39
291,HWM6TL,HELLER,China,365,2019-04-24 19:04:39
292,WVH28490AU,BOSCH,China,300,2019-04-24 19:04:39
293,WD14H490AU,SIEMENS,China,300,2019-04-24 19:04:39
294,TL95AU,Fairhall,China,762,2019-04-24 19:04:39
295,MW513,FISHER & PAYKEL,Thailand,499,2019-04-24 19:04:39
296,WA55T56M,FISHER & PAYKEL,Thailand,499,2019-04-24 19:04:39
297,HWM8TL,HELLER,China,466,2019-04-24 19:04:39
298,DXT 410AH/1-AUS,Hoover,China,327,2019-04-24 19:04:39
299,LW8014,KLEENMAID,Turkey,292,2019-04-24 19:04:39
300,DWF-55*****,Daewoo,China,407,2019-04-24 19:04:39
301,DWF-55EBWCA,Daewoo,China,407,2019-04-24 19:04:39
302,DWF-ELC55BGN,Daewoo,China,407,2019-04-24 19:04:39
303,DWF-ELC55GPN,Daewoo,China,407,2019-04-24 19:04:39
304,GWN9402,GRUNDIG,Turkey,345,2019-04-24 19:04:39
305,WM14W790AU,SIEMENS,Germany,269,2019-04-24 19:04:39
306,F23,BOSCH,Germany,269,2019-04-24 19:04:39
307,WAW28420AU,BOSCH,Germany,269,2019-04-24 19:04:39
308,WAW28440AU,BOSCH,Germany,269,2019-04-24 19:04:39
309,WAW28620AU,BOSCH,Germany,269,2019-04-24 19:04:39
310,WAW28640AU,BOSCH,Germany,269,2019-04-24 19:04:39
311,WAW28790AU,BOSCH,Germany,269,2019-04-24 19:04:39
312,9kg Top Load Washing Machine,AKAI,China,801,2019-04-24 19:04:39
313,AK-9KGTLW,AKAI,China,801,2019-04-24 19:04:39
314,AK-TLWM9-WHT,AKAI,China,801,2019-04-24 19:04:39
315,WM714W,Tylex,China,398,2019-04-24 19:04:39
316,AEG washing machine,AEG,Italy,315,2019-04-24 19:04:39
317,L77480FL,AEG,Italy,315,2019-04-24 19:04:39
318,L87480FL,AEG,Italy,315,2019-04-24 19:04:39
319,WA10J8700GP,SAMSUNG ELECTRONICS,South Korea,941,2019-04-24 19:04:39
320,WA10J8700GW,SAMSUNG ELECTRONICS,South Korea,941,2019-04-24 19:04:39
321,WA10J7700GW,SAMSUNG ELECTRONICS,South Korea,884,2019-04-24 19:04:39
322,TWM90FAJ,TECO,China,358,2019-04-24 19:04:39
323,WT-H550W1,LG,China,456,2019-04-24 19:04:39
324,ECJI12FL,Euroclean,China,440,2019-04-24 19:04:39
325,HTL65,Euromaid,China,675,2019-04-24 19:04:39
326,AK-TLWM5-WHT,AKAI,China,477,2019-04-24 19:04:39
327,XQB60-M933,AKAI,China,477,2019-04-24 19:04:39
328,WAN22120AU,BOSCH,China,285,2019-04-24 19:04:39
329,"EWF12753, EWF12753E",ELECTROLUX,Thailand,280,2019-04-24 19:04:39
330,WAT24440AU,BOSCH,India,300,2019-04-24 19:04:39
331,EWF12853,ELECTROLUX,Thailand,257,2019-04-24 19:04:39
332,WH7560J3,FISHER & PAYKEL,China,283,2019-04-24 19:04:39
333,WH8560J3,FISHER & PAYKEL,China,320,2019-04-24 19:04:39
334,HWM7FL,HELLER,China,307,2019-04-24 19:04:39
335,WA7060G2,FISHER & PAYKEL,Thailand,565,2019-04-24 19:04:39
336,EWF14833,ELECTROLUX,Thailand,198,2019-04-24 19:04:39
337,WA7060M2,FISHER & PAYKEL,Thailand,580,2019-04-24 19:04:39
338,WA7560E1,FISHER & PAYKEL,Thailand,289,2019-04-24 19:04:39
339,"EWF14923, EWF14933",ELECTROLUX,Thailand,220,2019-04-24 19:04:39
340,DWD-EUR85DPWCA,Daewoo,South Korea,298,2019-04-24 19:04:39
341,OWM9W,Omega,China,472,2019-04-24 19:04:39
342,OWD735W,Omega,China,406,2019-04-24 19:04:39
343,Electrolux,ELECTROLUX,Thailand,214,2019-04-24 19:04:39
344,EWF14013,ELECTROLUX,Thailand,214,2019-04-24 19:04:39
345,EWF14023,ELECTROLUX,Thailand,214,2019-04-24 19:04:39
346,HWF80BW1,Haier,China,285,2019-04-24 19:04:39
347,HWF75AW1,Haier,China,334,2019-04-24 19:04:39
348,AWNA62SN303AW01,SPEED QUEEN,United States of America,1172,2019-04-24 19:04:39
349,WA70T60G1,FISHER & PAYKEL,Thailand,566,2019-04-24 19:04:39
350,HWF85AW1,Haier,China,393,2019-04-24 19:04:39
351,HWT70AW1,Haier,China,459,2019-04-24 19:04:39
352,HWT80AW1,Haier,China,551,2019-04-24 19:04:39
353,F13,BOSCH,"Turkey,India",264,2019-04-24 19:04:39
354,HWT60AW1,Haier,China,490,2019-04-24 19:04:39
355,WMB 71231 LA,BEKO,Turkey,425,2019-04-24 19:04:39
356,OWM75W,Omega,China,442,2019-04-24 19:04:39
357,RSF 82 B AUS,Ariston,Poland,306,2019-04-24 19:04:39
358,WD1216HTE,LG,South Korea,621,2019-04-24 19:04:39
359,EWW12753,ELECTROLUX,Thailand,280,2019-04-24 19:04:39
360,WW75K5210WW,SAMSUNG,China,278,2019-04-24 19:04:39
361,EWW14013,ELECTROLUX,Thailand,214,2019-04-24 19:04:39
362,RPG 94 7 D AUS,Ariston,Italy,247,2019-04-24 19:04:39
363,RDPG 96407 D AUS,Ariston,Italy,247,2019-04-24 19:04:39
364,WW75J4233GW,SAMSUNG ELECTRONICS,South Korea,271,2019-04-24 19:04:39
365,WW70J4223KW,SAMSUNG ELECTRONICS,South Korea,264,2019-04-24 19:04:39
366,MTWM602,Midea,China,544,2019-04-24 19:04:39
367,RPD 106 7 D AUS,Ariston,Italy,275,2019-04-24 19:04:39
368,WAY32891AU,BOSCH,Germany,269,2019-04-24 19:04:39
369,AW60-982,EUROTAG,China,457,2019-04-24 19:04:39
370,WMB 81641 LC,BEKO,Turkey,328,2019-04-24 19:04:39
371,WMB 751441 LA,BEKO,Turkey,306,2019-04-24 19:04:39
372,SWT9043A,SIMPSON,Thailand,310,2019-04-24 19:04:39
373,EF5KW,EURO,China,397,2019-04-24 19:04:39
374,EF9KDDW,EURO,China,427,2019-04-24 19:04:39
375,SWT1023A,SIMPSON,Thailand,270,2019-04-24 19:04:39
376,WAT28440AU,BOSCH,India,300,2019-04-24 19:04:39
377,ETLW7,Esatto,China,506,2019-04-24 19:04:39
378,EF6KWH,EURO,China,414,2019-04-24 19:04:39
379,ETL6KWH,EURO,China,544,2019-04-24 19:04:39
380,ETL8KW,EURO,China,586,2019-04-24 19:04:39
381,ETL95KWH,EURO,China,762,2019-04-24 19:04:39
382,EFWD735W,EURO,China,424,2019-04-24 19:04:39
383,EFWD105W,EURO,China,487,2019-04-24 19:04:39
384,SWT1043,SIMPSON,Thailand,354,2019-04-24 19:04:39
385,Simpson,SIMPSON,Thailand,460,2019-04-24 19:04:39
386,SWT8043,SIMPSON,Thailand,460,2019-04-24 19:04:39
387,SWT8063E,SIMPSON,Thailand,460,2019-04-24 19:04:39
388,SWT9043,SIMPSON,Thailand,400,2019-04-24 19:04:39
389,WWT8040,Westinghouse,Thailand,460,2019-04-24 19:04:39
390,WWT1020A,Westinghouse,Thailand,270,2019-04-24 19:04:39
391,WWT6040,Westinghouse,Thailand,489,2019-04-24 19:04:39
392,WWF1284,Westinghouse,Thailand,373,2019-04-24 19:04:39
393,WMT8YOK,yokohama,China,586,2019-04-24 19:04:39
394,WMT6YOK,yokohama,China,544,2019-04-24 19:04:39
395,55TL-1106PS,AKAI,China,401,2019-04-24 19:04:39
396,70TL-506PS,AKAI,China,506,2019-04-24 19:04:39
397,95TL-S2013,AKAI,China,762,2019-04-24 19:04:39
398,HWD7540BW1,Haier,China,275,2019-04-24 19:04:39
399,BFL8510MG,BEKO,Turkey,330,2019-04-24 19:04:39
400,533.93.500,Hafele,Turkey,277,2019-04-24 19:04:39
401,WD85K6410OW,SAMSUNG ELECTRONICS,China,328,2019-04-24 19:04:39
402,WD75K5410OW,SAMSUNG ELECTRONICS,China,283,2019-04-24 19:04:39
403,STL95,Stirling,China,762,2019-04-24 19:04:39
404,MTW55,Midea,China,401,2019-04-24 19:04:39
405,MTW70,Midea,China,506,2019-04-24 19:04:39
406,ETLW55,Esatto,China,401,2019-04-24 19:04:39
407,MFW1014,Midea,China,487,2019-04-24 19:04:39
408,L98690FL,AEG,Italy,413,2019-04-24 19:04:39
409,WD1610NSW,LG,South Korea,318,2019-04-24 19:04:39
410,HWT80MW*,Haier,China,397,2019-04-24 19:04:39
411,HWT80MW1,Haier,China,397,2019-04-24 19:04:39
412,HWT80MW2,Haier,China,397,2019-04-24 19:04:39
413,XQG90-T512E,Galanz,China,326,2019-04-24 19:04:39
414,dmwm60,Midea,China,544,2019-04-24 19:04:39
415,DMWM95,Midea,China,762,2019-04-24 19:04:39
416,DMFLW75,Midea,China,360,2019-04-24 19:04:39
417,HWT90MW*,Haier,China,465,2019-04-24 19:04:39
418,HWT90MW1,Haier,China,465,2019-04-24 19:04:39
419,HWT90MW2,Haier,China,465,2019-04-24 19:04:39
420,HWT10MW*,Haier,China,477,2019-04-24 19:04:39
421,HWT10MW1,Haier,China,477,2019-04-24 19:04:39
422,HWT10MW2,Haier,China,477,2019-04-24 19:04:39
423,HWT12MW*,Haier,China,634,2019-04-24 19:04:39
424,HWT12MW1,Haier,China,634,2019-04-24 19:04:39
425,HWT12MW2,Haier,China,634,2019-04-24 19:04:39
426,MFW512,Midea,China,445,2019-04-24 19:04:39
427,LF8E8411A,AEG,Italy,186,2019-04-24 19:04:39
428,LF8C9412A,AEG,Italy,210,2019-04-24 19:04:39
429,LF8C1612A,AEG,Italy,214,2019-04-24 19:04:39
430,LF6E8431A,AEG,Italy,320,2019-04-24 19:04:39
431,WDB 030,MIELE,"Czechia,Germany",236,2019-04-24 19:04:39
432,WKH 132 WPS,MIELE,"Czechia,Germany",222,2019-04-24 19:04:39
433,WMR 861 WPS,MIELE,"Czechia,Germany",222,2019-04-24 19:04:39
434,W** *** WPS,MIELE,"Czechia,Germany",222,2019-04-24 19:04:39
435,TLFL7500W,EKO Matic,China,556,2019-04-24 19:04:39
436,WTG8520,LG,Thailand,590,2019-04-24 19:04:39
437,HWX8040DW1,Haier,China,230,2019-04-24 19:04:39
438,WTR1132BF,LG,Thailand,660,2019-04-24 19:04:39
439,WTR1132WF,LG,Thailand,660,2019-04-24 19:04:39
440,XQG70-F712E,Galanz,China,312,2019-04-24 19:04:39
441,WA11M8700GV,SAMSUNG ELECTRONICS,China,626,2019-04-24 19:04:39
442,WA11M8700GW,SAMSUNG ELECTRONICS,China,626,2019-04-24 19:04:39
443,WA13M8700GV,SAMSUNG ELECTRONICS,China,749,2019-04-24 19:04:39
444,WA13M8700GW,SAMSUNG ELECTRONICS,China,749,2019-04-24 19:04:39
445,ECGA9KGFL,Euroclean,China,326,2019-04-24 19:04:39
446,WD8560F1,Fisher & Paykel,China,325,2019-04-24 19:04:39
447,WMG 829 B AUS,Ariston,Poland,306,2019-04-24 19:04:39
448,WDD 030,MIELE,"Czechia,Germany",231,2019-04-24 19:04:39
449,WD7560P1,Fisher & Paykel,China,294,2019-04-24 19:04:39
450,WD75M4453JW,SAMSUNG,South Korea,288,2019-04-24 19:04:39
451,XQG80-F812E,Galanz,China,298,2019-04-24 19:04:39
452,533.93.000,Hafele,Turkey,324,2019-04-24 19:04:39
453,CSF7G3P,carson,China,457,2019-04-24 19:04:39
454,WDC1475NCW,LG,China,375,2019-04-24 19:04:39
455,DWD-EUR95DPWCA,Daewoo,South Korea,355,2019-04-24 19:04:39
456,WL1068P1,FISHER & PAYKEL,Thailand,380,2019-04-24 19:04:39
457,WA1068G1,FISHER & PAYKEL,Thailand,350,2019-04-24 19:04:39
458,WA10J7750GW,SAMSUNG ELECTRONICS,Thailand,590,2019-04-24 19:04:39
459,MFWS512,Midea,China,376,2019-04-24 19:04:39
460,MFW1014,Midea,China,464,2019-04-24 19:04:39
461,ARMF125 (AUS)1,ARISTON,Italy,530,2019-04-24 19:04:39
462,WAW28441AU,BOSCH,Germany,320,2019-04-24 19:04:39
463,WM5PRO,Euromaid,China,375,2019-04-24 19:04:39
464,WM7PRO,Euromaid,China,420,2019-04-24 19:04:39
465,WD1207NCW,LG,China,350,2019-04-24 19:04:39
466,WD1475NCW,LG,China,380,2019-04-24 19:04:39
467,WM55,EUROMAID,China,474,2019-04-24 19:04:39
468,BFL800W,BEKO,Turkey,475,2019-04-24 19:04:39
469,BFL700W,BEKO,Turkey,415,2019-04-24 19:04:39
470,W2084C.W.AU,ASKO,Slovenia,253,2019-04-24 19:04:39
471,W4086C.W.AU,ASKO,Slovenia,244,2019-04-24 19:04:39
472,W4086P.W.AU,ASKO,Slovenia,216,2019-04-24 19:04:39
473,W4104C.W.AU,ASKO,Slovenia,266,2019-04-24 19:04:39
474,TLFL5000W,EKO Matic,China,445,2019-04-24 19:04:39
475,TLTW5000,EKO Matic,China,401,2019-04-24 19:04:39
476,DWD-M221MB,Daewoo,China,249,2019-04-24 19:04:39
477,DWD-M22BPB,Daewoo,China,249,2019-04-24 19:04:39
478,SF-P200XWV,HITACHI,Thailand,854,2019-04-24 19:04:39
479,WDC1215HSVE,LG,South Korea,583,2019-04-24 19:04:39
480,ECGA7KGFL,Euroclean,China,312,2019-04-24 19:04:39
481,WDC1409HCW,LG,China,357,2019-04-24 19:04:39
482,WTW1409HCW,LG,China,357,2019-04-24 19:04:39
483,WTZH 730 WPM,MIELE,"Czechia,Germany",293,2019-04-24 19:04:39
484,FDLR80210,WHIRLPOOL,Slovakia,310,2019-04-24 19:04:39
485,SF-P130XWV,HITACHI,Thailand,589,2019-04-24 19:04:39
486,WMFL55,EUROMAID,China,475,2019-04-24 19:04:39
487,WMFL8,EUROMAID,Turkey,475,2019-04-24 19:04:39
488,WD1409NCE,LG,China,345,2019-04-24 19:04:39
489,WD1409NCW,LG,China,345,2019-04-24 19:04:39
490,FAP77440AUS,ARISTON,Italy,325,2019-04-24 19:04:39
491,XQB90-955,ZEROWATT,China,598,2019-04-24 19:04:39
492,DMFLW751,Midea,China,442,2019-04-24 19:04:39
493,WTH 130 WPM,MIELE,"Czechia,Germany",258,2019-04-24 19:04:39
494,XQG90-T512E,Galanz,China,306,2019-04-24 19:04:39
495,FRT80AU,FROST,China,572,2019-04-24 19:04:39
496,WMFL9,EUROMAID,Turkey,535,2019-04-24 19:04:39
497,WD1411SBW,LG,South Korea,360,2019-04-24 19:04:39
498,WD1611SMW2,LG,South Korea,360,2019-04-24 19:04:39
499,FDLR70210,WHIRLPOOL,Slovakia,245,2019-04-24 19:04:39
500,EFLW9,Esatto,China,427,2019-04-24 19:04:39
501,XQG70-F712E,Miracle,China,312,2019-04-24 19:04:39
502,WTS6520,LG,Vietnam,446,2019-04-24 19:04:39
503,FSCR10421,WHIRLPOOL,Italy,340,2019-04-24 19:04:39
504,SF-P100XAV,HITACHI,Thailand,320,2019-04-24 19:04:39
505,FRT110AU,FROST,China,744,2019-04-24 19:04:39
506,G9TLWW17,GVA,China,769,2019-04-24 19:04:39
507,WD1013NDE,LG,South Korea,485,2019-04-24 19:04:39
508,WD1013NDW,LG,South Korea,485,2019-04-24 19:04:39
509,TWDC84,Technika,Italy,492,2019-04-24 19:04:39
510,G7FLWW17,GVA,China,490,2019-04-24 19:04:39
511,WH1260P1,FISHER & PAYKEL,China,358,2019-04-24 19:04:39
512,G6FLWW17,GVA,China,434,2019-04-24 19:04:39
513,WD1408NCW,LG,China,326,2019-04-24 19:04:39
514,DWC-PS1232,Daewoo,South Korea,536,2019-04-24 19:04:39
515,WTG9032WF,LG,Thailand,620,2019-04-24 19:04:39
516,WTG1030SF,LG,Thailand,384,2019-04-24 19:04:39
517,WTG1032,LG,Thailand,384,2019-04-24 19:04:39
518,WTG1032VF,LG,Thailand,384,2019-04-24 19:04:39
519,WTG1032WF,LG,Thailand,384,2019-04-24 19:04:39
520,EWF12763E,ELECTROLUX,Thailand,303,2019-04-24 19:04:39
521,EFLW75,Esatto,China,543,2019-04-24 19:04:39
522,XQB60-M933,Stirling,China,477,2019-04-24 19:04:39
523,WV16M9945KV,SAMSUNG ELECTRONICS,Vietnam,608,2019-04-24 19:04:39
524,NA-FS95A1***,Panasonic,Thailand,625,2019-04-24 19:04:39
525,NA-FS95A1WAU,Panasonic,Thailand,625,2019-04-24 19:04:39
526,NA-FS95A1WNZ,Panasonic,Thailand,625,2019-04-24 19:04:39
527,NA-F85A1**,Panasonic,Thailand,610,2019-04-24 19:04:39
528,NA-F85A1WAU,Panasonic,Thailand,610,2019-04-24 19:04:39
529,NA-F85A1WNZ,Panasonic,Thailand,610,2019-04-24 19:04:39
530,AFBE9BSP305A,SPEED QUEEN,United States of America,812,2019-04-24 19:04:39
531,AFBE9BSP305AN01,SPEED QUEEN,United States of America,812,2019-04-24 19:04:39
532,AFBE9BSP305AW01,SPEED QUEEN,United States of America,812,2019-04-24 19:04:39
533,WVG28420AU,BOSCH,China,306,2019-04-24 19:04:39
534,DXOA175AH/1-AUS,HOOVER,China,206,2019-04-24 19:04:39
535,TWM60TBM,TECO,China,544,2019-04-24 19:04:39
536,TWM80TBM,TECO,China,600,2019-04-24 19:04:39
537,TWM95TBM,TECO,China,762,2019-04-24 19:04:39
538,HL 1071D1/1-AUS,HOOVER,China,247,2019-04-24 19:04:39
539,NA-F95A1**,Panasonic,Thailand,680,2019-04-24 19:04:39
540,NA-F95A1WAU,Panasonic,Thailand,680,2019-04-24 19:04:39
541,NA-F95A1WNZ,Panasonic,Thailand,680,2019-04-24 19:04:39
542,W 5873,MIELE,"Germany,Czechia",221,2019-04-24 19:04:39
543,SAWD814,Smeg,Italy,876,2019-04-24 19:04:39
544,SAWD612,Smeg,Italy,700,2019-04-24 19:04:39
545,SC-500AU7FL,SEIKI,China,445,2019-04-24 19:04:39
546,SC-750AU7FL,SEIKI,China,556,2019-04-24 19:04:39
547,WMTL7KGWH,Astivita,China,506,2019-04-24 19:04:39
548,SC-900AU7FL,SEIKI,China,427,2019-04-24 19:04:39
549,WMFL75KGWH,Astivita,China,556,2019-04-24 19:04:39
550,SC-7000AU7TL,SEIKI,China,506,2019-04-24 19:04:39
551,SC-5500AU7TL,SEIKI,China,401,2019-04-24 19:04:39
552,SC-9500AU7TL,SEIKI,China,762,2019-04-24 19:04:39
553,DWC-M25,Daewoo,South Korea,176,2019-04-24 19:04:39
554,DWC-M25CW,Daewoo,South Korea,176,2019-04-24 19:04:39
555,DWD-M253CW,Daewoo,South Korea,176,2019-04-24 19:04:39
556,DXOA 385AH/1-AUS,HOOVER,China,255,2019-04-24 19:04:39
557,TW-6KG.1,Tuscany,China,498,2019-04-24 19:04:39
558,WD1475NCWE,LG,China,298,2019-04-24 19:04:39
559,WMP55YOK,yokohama,China,401,2019-04-24 19:04:39
560,MAM80PS/01,Tuscany,China,600,2019-04-24 19:04:39
561,TW-8KG.1,Tuscany,China,600,2019-04-24 19:04:39
562,WDXOC 575AC-AUS,HOOVER,China,275,2019-04-24 19:04:39
563,DWOL 412AHR/1-AUS,HOOVER,China,428,2019-04-24 19:04:39
564,DMFLWD10,Midea,China,449,2019-04-24 19:04:39
565,BFL700W,BEKO,China,427,2019-04-24 19:04:39
566,BFL103ADW,BEKO,Turkey,403,2019-04-24 19:04:39
567,BFL853ADW,BEKO,Turkey,348,2019-04-24 19:04:39
568,NA-120V*6,Panasonic,"Japan,China",374,2019-04-24 19:04:39
569,NA-120VG6,Panasonic,"Japan,China",374,2019-04-24 19:04:39
570,NA-120VX6,Panasonic,"Japan,China",374,2019-04-24 19:04:39
571,DWOL 410AHR/1-AUS,HOOVER,China,305,2019-04-24 19:04:39
572,GTW550AU70,Germanica,China,401,2019-04-24 19:04:39
573,SC-750AU8FL,SEIKI,China,450,2019-04-24 19:04:39
574,DMFLW50,Midea,China,368,2019-04-24 19:04:39
575,DMWM55,Midea,China,401,2019-04-24 19:04:39
576,WH8560P,FISHER & PAYKEL,China,320,2019-04-24 19:04:39
577,WH8560P1,FISHER & PAYKEL,China,320,2019-04-24 19:04:39
578,WH8560P2,FISHER & PAYKEL,China,320,2019-04-24 19:04:39
579,WH7560P*,FISHER & PAYKEL,China,285,2019-04-24 19:04:39
580,WH7560P1,FISHER & PAYKEL,China,285,2019-04-24 19:04:39
581,WH7560P2,FISHER & PAYKEL,China,285,2019-04-24 19:04:39
582,WDG 8629B AUS,ARISTON,Italy,306,2019-04-24 19:04:39
583,WDL 8629B AUS,ARISTON,Italy,306,2019-04-24 19:04:39
584,AK-95WM,AKAI,China,762,2019-04-24 19:04:39
585,WW85M64FOPW,SAMSUNG ELECTRONICS,South Korea,320,2019-04-24 19:04:39
586,WW85M74FNOR,SAMSUNG ELECTRONICS,South Korea,320,2019-04-24 19:04:39
587,GFW1000AU90,Germanica,China,464,2019-04-24 19:04:39
588,WD1475TC5W,LG,China,380,2019-04-24 19:04:39
589,*70,STIRLING,China,580,2019-04-24 19:04:39
590,STR-TLW70,STIRLING,China,580,2019-04-24 19:04:39
591,XQB70-70,STIRLING,China,580,2019-04-24 19:04:39
592,RHWM9W,Robinhood,China,402,2019-04-24 19:04:39
593,WW85J54E0IW,SAMSUNG ELECTRONICS,South Korea,334,2019-04-24 19:04:39
594,WW85K54E0UW,SAMSUNG ELECTRONICS,South Korea,334,2019-04-24 19:04:39
595,WW75J54E0IW,SAMSUNG ELECTRONICS,South Korea,293,2019-04-24 19:04:39
596,WW75K54E0UW,SAMSUNG ELECTRONICS,South Korea,293,2019-04-24 19:04:39
597,WMT81YOK,yokohama,China,600,2019-04-24 19:04:39
598,WTG6520,LG,Vietnam,445,2019-04-24 19:04:39
599,IWDC 7125 B (AUS) 1,Indesit,Italy,533,2019-04-24 19:04:39
600,SC-1000AU9FLIN,SEIKI,China,464,2019-04-24 19:04:39
601,LF9A1612A,AEG,Italy,248,2019-04-24 19:04:39
602,WA65F5S2,SAMSUNG ELECTRONICS,"Vietnam,Thailand",560,2019-04-24 19:04:39
603,WA70F5S2,SAMSUNG ELECTRONICS,Thailand,603,2019-04-24 19:04:39
604,BWD7541IG,BEKO,Turkey,308,2019-04-24 19:04:39
605,WA85N6750BV,SAMSUNG ELECTRONICS,Thailand,750,2019-04-24 19:04:39
606,WA85N6750BW,SAMSUNG ELECTRONICS,Thailand,750,2019-04-24 19:04:39
607,WD1275TC5W,LG,China,298,2019-04-24 19:04:39
608,WD85N74FNOR,SAMSUNG ELECTRONICS,China,320,2019-04-24 19:04:39
609,360155,MIDEA,China,401,2019-04-24 19:04:39
610,360160,MIDEA,China,544,2019-04-24 19:04:39
611,360170,MIDEA,China,506,2019-04-24 19:04:39
612,360185,MIDEA,China,600,2019-04-24 19:04:39
613,360195,MIDEA,China,762,2019-04-24 19:04:39
614,360210,MIDEA,China,464,2019-04-24 19:04:39
615,360279,MIDEA,China,360,2019-04-24 19:04:39
616,360300,MIDEA,China,424,2019-04-24 19:04:39
617,360310,MIDEA,China,487,2019-04-24 19:04:39
618,360475,MIDEA,China,442,2019-04-24 19:04:39
619,W6088X.S.AU,ASKO,Slovenia,200,2019-04-24 19:04:39
620,W6088X.W.AU,ASKO,Slovenia,200,2019-04-24 19:04:39
621,W6088X.x.AU,ASKO,Slovenia,200,2019-04-24 19:04:39
622,W6104X.W.AU,ASKO,Slovenia,265,2019-04-24 19:04:39
623,W4086R.W.AU,ASKO,Slovenia,206,2019-04-24 19:04:39
624,WCE 670,MIELE,"Czechia,Germany",245,2019-04-24 19:04:39
625,WCI 670,MIELE,"Czechia,Germany",235,2019-04-24 19:04:39
626,WCE 330,MIELE,"Germany,Czechia",245,2019-04-24 19:04:39
627,STR-FLW75,STIRLING,China,380,2019-04-24 19:04:39
628,PW 6088,MIELE,Germany,395,2019-04-24 19:04:39
629,WD12595D6,LG,South Korea,385,2019-04-24 19:04:39
630,WD1208TC4W,LG,China,326,2019-04-24 19:04:39
631,WD1402CRD6,LG,"China,South Korea",375,2019-04-24 19:04:39
632,360450,MIDEA,China,445,2019-04-24 19:04:39
633,360460,MIDEA,China,390,2019-04-24 19:04:39
634,ETL6.1,Esatto,China,544,2019-04-24 19:04:39
635,ETL8.1,Esatto,China,600,2019-04-24 19:04:39
636,WD12595FD6,LG,South Korea,385,2019-04-24 19:04:39
637,WD12021D6,LG,"South Korea,China",350,2019-04-24 19:04:39
638,WD14022D6,LG,"South Korea,China",375,2019-04-24 19:04:39
639,WT-H9506,LG,"China,South Korea",678,2019-04-24 19:04:39
640,WT-R10686,LG,South Korea,693,2019-04-24 19:04:39
641,WA75F5S6,SAMSUNG ELECTRONICS,Thailand,570,2019-04-24 19:04:39
642,EWD8045,Euromaid,Turkey,277,2019-04-24 19:04:39
643,EBFW700,Euromaid,Turkey,319,2019-04-24 19:04:39
644,HWF75DW1,Haier,China,278,2019-04-24 19:04:39
645,BFWD845,Baumatic,Turkey,277,2019-04-24 19:04:39
646,EBFW800,Euromaid,Turkey,308,2019-04-24 19:04:39
647,HWF85DW1,Haier,China,320,2019-04-24 19:04:39
648,EBFW900,Euromaid,Turkey,330,2019-04-24 19:04:39
649,EBFW900*,Euromaid,Turkey,330,2019-04-24 19:04:39
650,EBFW900BK,Euromaid,Turkey,330,2019-04-24 19:04:39
651,HWF*8012,HISENSE,China,310,2019-04-24 19:04:39
652,HWFM8012,HISENSE,China,310,2019-04-24 19:04:39
653,HWFV8012,HISENSE,China,310,2019-04-24 19:04:39
654,WD1275ND,LG,China,375,2019-04-24 19:04:39
655,WH1060P1,FISHER & PAYKEL,China,330,2019-04-24 19:04:39
656,WAN2212XAU,BOSCH,China,285,2019-04-24 19:04:39
657,TWM50FBM,TECO,China,445,2019-04-24 19:04:39
658,368155,COMFEE,China,401,2019-04-24 19:04:39
659,368170,COMFEE,China,506,2019-04-24 19:04:39
660,368195,COMFEE,China,762,2019-04-24 19:04:39
661,368210,COMFEE,China,487,2019-04-24 19:04:39
662,368475,COMFEE,China,556,2019-04-24 19:04:39
663,WW95N64FRPW,SAMSUNG ELECTRONICS,China,374,2019-04-24 19:04:39
664,DMFLWD10S,Midea,China,487,2019-04-24 19:04:39
665,WFWDC96,WHIRLPOOL,Italy,275,2019-04-24 19:04:39
666,NA-F70A5HNZ,Panasonic,Vietnam,455,2019-04-24 19:04:39
667,NA-F60A5HNZ,Panasonic,Vietnam,441,2019-04-24 19:04:39
668,Asko,ASKO,"Slovenia,Sweden",180,2019-04-24 19:04:39
669,W6444,ASKO,"Slovenia,Sweden",180,2019-04-24 19:04:39
670,W6564,ASKO,"Slovenia,Sweden",180,2019-04-24 19:04:39
671,W6884,ASKO,"Slovenia,Sweden",180,2019-04-24 19:04:39
672,W6888,ASKO,"Slovenia,Sweden",180,2019-04-24 19:04:39
673,W6984,ASKO,"Slovenia,Sweden",180,2019-04-24 19:04:39
674,AWNA62SN301AW01,SPEED QUEEN,United States of America,984,2019-04-24 19:04:39
675,HWF75AW2,Haier,China,275,2019-04-24 19:04:39
676,RDPG96607DAUS,ARISTON,Italy,270,2019-04-24 19:04:39
677,WAP28481AU,BOSCH,China,314,2019-04-24 19:04:39
678,SWF7025EQWA,SIMPSON,Thailand,342,2019-04-24 19:04:39
679,368450,COMFEE,New Zealand,445,2019-04-24 19:04:39
680,STR-WPTL6K,STIRLING,China,461,2019-04-24 19:04:39
681,SWF8025DQWA,SIMPSON,Thailand,405,2019-04-24 19:04:39
682,WWW7025EQWA,Westinghouse,Thailand,342,2019-04-24 19:04:39
683,WWF8025DQWA,Westinghouse,Thailand,405,2019-04-24 19:04:39
684,KA9FNTLODWA,Kogan,China,427,2019-04-24 19:04:39
685,HWF85BW1,Haier,China,308,2019-04-24 19:04:39
686,HWF80BW2,Haier,China,265,2019-04-24 19:04:39
687,KA95TLDWSHA,Kogan,China,762,2019-04-24 19:04:39
688,KA75FNTLDWA,Kogan,China,543,2019-04-24 19:04:39
689,KA7TPLDWSHA,Kogan,China,506,2019-04-24 19:04:39
690,WMFL10,Euromaid,China,487,2019-04-24 19:04:39
691,LWTT80,Lemair,China,662,2019-04-24 19:04:39
692,WTW1409NCW,LG,China,345,2019-04-24 19:04:39
693,WTW1409VC,LG,China,345,2019-04-24 19:04:39
694,WTW1409VCB,LG,China,345,2019-04-24 19:04:39
695,WTW1409VCW,LG,China,345,2019-04-24 19:04:39
696,WMT7010,Fulgor,China,566,2019-04-24 19:04:39
697,CL7FLWD1,CLASSIQUE,China,404,2019-04-24 19:04:39
698,WA60T56GW1,FISHER & PAYKEL,Thailand,480,2019-04-24 19:04:39
699,MW60,FISHER & PAYKEL,Thailand,505,2019-04-24 19:04:39
700,WMD107,Euromaid,China,487,2019-04-24 19:04:39
701,EWF1408B1WA,ELECTROLUX,China,830,2019-04-24 19:04:39
702,WH1260F1,FISHER & PAYKEL,China,360,2019-04-24 19:04:39
703,EWF7524CDWA,ELECTROLUX,Thailand,294,2019-04-24 19:04:39
704,EWF8524CDWA,ELECTROLUX,Thailand,198,2019-04-24 19:04:39
705,WEI743,Gorenje,Slovenia,209,2019-04-24 19:04:39
706,EWF9043BDWA,ELECTROLUX,Thailand,214,2019-04-24 19:04:39
707,WA866T,Gorenje,Slovenia,215,2019-04-24 19:04:39
708,WS866HLN,Gorenje,Slovenia,206,2019-04-24 19:04:39
709,CST9G3P,carson,China,466,2019-04-24 19:04:39
710,EWF1042BDWA,ELECTROLUX,Thailand,214,2019-04-24 19:04:39
711,WD1207ND,LG,China,343,2019-04-24 19:04:39
712,HWM13TL,HELLER,China,963,2019-04-24 19:04:39
713,ARWD582WAU,ARISTON,Italy,555,2019-04-24 19:04:39
714,IWDC 7125 B (AUS) 1,Indesit,Italy,555,2019-04-24 19:04:39
715,360211,MIDEA,China,487,2019-04-24 19:04:39
716,WWV 980 WPS,MIELE,"Czechia,Germany",219,2019-04-24 19:04:39
717,WCR,MIELE,"Czechia,Germany",219,2019-04-24 19:04:39
718,WCR 870 WPS,MIELE,"Czechia,Germany",219,2019-04-24 19:04:39
719,WCR 890 WPS,MIELE,"Czechia,Germany",219,2019-04-24 19:04:39
720,SC-7350AU9FLCO,SEIKI,China,424,2019-04-24 19:04:39
721,HWFL1014V,HISENSE,China,394,2019-04-24 19:04:39
722,SWT7055LMWA,SIMPSON,Thailand,419,2019-04-24 19:04:39
723,SWT6555TMWA,SIMPSON,Afghanistan,481,2019-04-24 19:04:39
724,SWT6055TMWA,SIMPSON,Thailand,414,2019-04-24 19:04:39
725,WWT6055TMWA,Westinghouse,Thailand,414,2019-04-24 19:04:39
726,WWT7055LMWA,Westinghouse,Thailand,419,2019-04-24 19:04:39
727,ATT10W,Artusi,China,666,2019-04-24 19:04:39
728,ATT8W,Artusi,China,573,2019-04-24 19:04:39
729,DXOC 27/1-AUS,Hoover,Italy,244,2019-04-24 19:04:39
730,EWF7525CGWA,ELECTROLUX,Thailand,359,2019-04-24 19:04:39
731,IND55W,Indesit,China,595,2019-04-24 19:04:39
732,MAM60-501PS/02-AU(15),TRIESTE,China,498,2019-04-24 19:04:39
733,TRWTL-6.1,TRIESTE,China,498,2019-04-24 19:04:39
734,TRWTL-6.1 WH,TRIESTE,China,498,2019-04-24 19:04:39
735,EWW9043ADWA,ELECTROLUX,Thailand,214,2019-04-24 19:04:39
736,WMY 1048 LB1,BEKO,Turkey,380,2019-04-24 19:04:39
737,EWW7524ADWA,ELECTROLUX,Thailand,294,2019-04-24 19:04:39
738,EWW1042ADWA,ELECTROLUX,Thailand,220,2019-04-24 19:04:39
739,KAWWASHTL7*,Kogan,China,580,2019-04-24 19:04:39
740,KAWWASHTL7A,Kogan,China,580,2019-04-24 19:04:39
741,KAWWASHTL7B,Kogan,China,580,2019-04-24 19:04:39
742,KAWWASHTL7C,Kogan,China,580,2019-04-24 19:04:39
743,360311,MIDEA,China,487,2019-04-24 19:04:39
744,TWM90FBG,TECO,China,306,2019-04-24 19:04:39
745,GFW900AU80,Germanica,China,427,2019-04-24 19:04:39
746,WW85M74FNOO,SAMSUNG ELECTRONICS,China,267,2019-04-24 19:04:39
747,WW85M74GNOR,SAMSUNG ELECTRONICS,China,267,2019-04-24 19:04:39
748,WW85M74*NO*,SAMSUNG ELECTRONICS,China,267,2019-04-24 19:04:39
749,SC-600AU8FL,SEIKI,China,415,2019-04-24 19:04:39
750,WW11R64FU0M,SAMSUNG ELECTRONICS,South Korea,425,2019-04-24 19:04:39
751,KAGFLWASH8*,Kogan,China,298,2019-04-24 19:04:39
752,KAGFLWASH8A,Kogan,China,298,2019-04-24 19:04:39
753,KAGFLWASH8B,Kogan,China,298,2019-04-24 19:04:39
754,KAGFLWASH8C,Kogan,China,298,2019-04-24 19:04:39
755,KAGFLWASH9*,Kogan,China,306,2019-04-24 19:04:39
756,KAGFLWASH9A,Kogan,China,306,2019-04-24 19:04:39
757,KAGFLWASH9B,Kogan,China,306,2019-04-24 19:04:39
758,KAGFLWASH9C,Kogan,China,306,2019-04-24 19:04:39
759,WAP28482AU,BOSCH,China,212,2019-04-24 19:04:39
760,HTLW7,HELLER,China,572,2019-04-24 19:04:39
761,WTG1434,LG,"Vietnam,South Korea,Thailand",515,2019-04-24 19:04:39
762,WTG1434VHF,LG,"Vietnam,South Korea,Thailand",515,2019-04-24 19:04:39
763,WTG1434WHF,LG,"Vietnam,South Korea,Thailand",515,2019-04-24 19:04:39
764,WTG1034,LG,"Vietnam,South Korea,Thailand",373,2019-04-24 19:04:39
765,WTG1034VF,LG,"Vietnam,South Korea,Thailand",373,2019-04-24 19:04:39
766,WTG1034WF,LG,"Vietnam,South Korea,Thailand",373,2019-04-24 19:04:39
767,WTG9034WF,LG,"Vietnam,South Korea,Thailand",280,2019-04-24 19:04:39
768,PW-F8-W,PARMCO,China,298,2019-04-24 19:04:39
769,STWM552,SMART,China,401,2019-04-24 19:04:39
770,N84WAU,ARISTON,Poland,309,2019-04-24 19:04:39
771,WDA 110,MIELE,"Germany,Czechia",242,2019-04-24 19:04:39
772,WDA 210 WPM,MIELE,"Germany,Czechia",242,2019-04-24 19:04:39
773,STWM703,SMART,China,506,2019-04-24 19:04:39
774,STWM950,SMART,China,762,2019-04-24 19:04:39
775,WTG6534W,LG,"Vietnam,Thailand,South Korea",215,2019-04-24 19:04:39
