Desk_top_id,Model_No,Brand,Country,Power,Update_time
0,VE248***,ASUS,China,88.0,2019-04-24 19:14:15
1,VE248H,ASUS,China,88.0,2019-04-24 19:14:15
2,VE248HR,ASUS,China,88.0,2019-04-24 19:14:15
3,VE248Q,ASUS,China,88.0,2019-04-24 19:14:15
4,VE248T,ASUS,China,88.0,2019-04-24 19:14:15
5,VE248TLB,ASUS,China,88.0,2019-04-24 19:14:15
6,VK228***,ASUS,China,67.0,2019-04-24 19:14:15
7,VK228H,ASUS,China,67.0,2019-04-24 19:14:15
8,VK228H-P,ASUS,China,67.0,2019-04-24 19:14:15
9,VK228T,ASUS,China,67.0,2019-04-24 19:14:15
10,250LM00001,AOC,China,125.0,2019-04-24 19:14:15
11,340LM00001,AOC,China,260.0,2019-04-24 19:14:15
12,DY23T-7,FUJITSU,Germany,68.0,2019-04-24 19:14:15
13,DY24W-7,FUJITSU,Germany,66.0,2019-04-24 19:14:15
14,AS224WMi,NEC,China,63.0,2019-04-24 19:14:15
15,22MB35PUH,LG,"China,South Korea,Indonesia",80.0,2019-04-24 19:14:15
16,27MP35HA,LG,"China,South Korea,Indonesia",110.0,2019-04-24 19:14:15
17,S2415Hb,DELL,China,62.0,2019-04-24 19:14:15
18,E2015HVf,DELL,China,54.0,2019-04-24 19:14:15
19,E2215HVf,DELL,China,77.0,2019-04-24 19:14:15
20,E2715Hf,DELL,China,76.0,2019-04-24 19:14:15
21,23MB35PMF,LG,"China,South Korea,Indonesia",83.0,2019-04-24 19:14:15
22,29UB55D,LG,"China,South Korea,Indonesia",118.0,2019-04-24 19:14:15
23,270LM00009,AOC,China,165.0,2019-04-24 19:14:15
24,S24D300B,SAMSUNG ELECTRONICS,South Korea,87.0,2019-04-24 19:14:15
25,VS15843,ViewSonic,China,64.0,2019-04-24 19:14:15
26,17MB15PA,LG,"Indonesia,South Korea,China",54.0,2019-04-24 19:14:15
27,25UM55D,LG,"China,Indonesia,South Korea",107.0,2019-04-24 19:14:15
28,29UM55D,LG,"China,Indonesia,South Korea",114.0,2019-04-24 19:14:15
29,D2015Hf,DELL,China,61.0,2019-04-24 19:14:15
30,HSTND-5001-A,hp,China,170.0,2019-04-24 19:14:15
31,EZ2450L,BenQ,China,92.0,2019-04-24 19:14:15
32,EZ2450LC,BenQ,China,92.0,2019-04-24 19:14:15
33,EZ2450LE,BenQ,China,92.0,2019-04-24 19:14:15
34,EZ2455L,BenQ,China,92.0,2019-04-24 19:14:15
35,EZ2455LC,BenQ,China,92.0,2019-04-24 19:14:15
36,EZ2455LE,BenQ,China,92.0,2019-04-24 19:14:15
37,243V5Q,PHILIPS,China,116.0,2019-04-24 19:14:15
38,XL2420G,BenQ,China,112.0,2019-04-24 19:14:15
39,XL2420GE,BenQ,China,112.0,2019-04-24 19:14:15
40,24GM77,LG,"South Korea,Indonesia,China",105.0,2019-04-24 19:14:15
41,RL2240HE,BenQ,China,88.0,2019-04-24 19:14:15
42,BL2700HC,BenQ,China,128.0,2019-04-24 19:14:15
43,BL2700HE,BenQ,China,128.0,2019-04-24 19:14:15
44,BL2700HT,BenQ,China,128.0,2019-04-24 19:14:15
45,19M37D,LG,"China,South Korea,Indonesia",54.0,2019-04-24 19:14:15
46,31MU97,LG,"China,Indonesia,South Korea",207.0,2019-04-24 19:14:15
47,U2515Hc,DELL,China,101.0,2019-04-24 19:14:15
48,193V5L,PHILIPS,China,60.0,2019-04-24 19:14:15
49,34UC97,LG,"China,Indonesia,South Korea",222.0,2019-04-24 19:14:15
50,P2415Qb,DELL,China,133.0,2019-04-24 19:14:15
51,SW2401PE,BenQ,China,115.0,2019-04-24 19:14:15
52,"SW2401PE, SW2401PH, SW2401PT",BenQ,China,115.0,2019-04-24 19:14:15
53,SW2401PH,BenQ,China,115.0,2019-04-24 19:14:15
54,SW2401PT,BenQ,China,115.0,2019-04-24 19:14:15
55,U3415Wb,DELL,China,179.0,2019-04-24 19:14:15
56,VS15927,ViewSonic,China,118.0,2019-04-24 19:14:15
57,V242,HP,China,76.0,2019-04-24 19:14:15
58,HSTND-5021-A,hp,China,284.0,2019-04-24 19:14:15
59,Z32s,hp,China,284.0,2019-04-24 19:14:15
60,"Z32s, HSTND-5021-A",hp,China,284.0,2019-04-24 19:14:15
61,EW2750ZC,BenQ,China,126.0,2019-04-24 19:14:15
62,EW2750ZE,BenQ,China,126.0,2019-04-24 19:14:15
63,EW2750ZH,BenQ,China,126.0,2019-04-24 19:14:15
64,EW2750ZL,BenQ,China,126.0,2019-04-24 19:14:15
65,"EW2750ZL,EW2750ZC,EW2750ZE,EW2750ZH,EW2750ZM",BenQ,China,126.0,2019-04-24 19:14:15
66,EW2750ZM,BenQ,China,126.0,2019-04-24 19:14:15
67,LS27D590CS,SAMSUNG ELECTRONICS,South Korea,130.0,2019-04-24 19:14:15
68,LS27D590CS/XY,SAMSUNG ELECTRONICS,South Korea,130.0,2019-04-24 19:14:15
69,LS27D590CS/ZN,SAMSUNG ELECTRONICS,South Korea,130.0,2019-04-24 19:14:15
70,KALED24144A,kogan,China,50.0,2019-04-24 19:14:15
71,KALED24144B,kogan,China,50.0,2019-04-24 19:14:15
72,KALED24144C,kogan,China,50.0,2019-04-24 19:14:15
73,KALED24144D,kogan,China,50.0,2019-04-24 19:14:15
74,KALED24144E,kogan,China,50.0,2019-04-24 19:14:15
75,KALED24144F,kogan,China,50.0,2019-04-24 19:14:15
76,KALED24144G,kogan,China,50.0,2019-04-24 19:14:15
77,KALED24144H,kogan,China,50.0,2019-04-24 19:14:15
78,SYM24E01D,kogan,China,50.0,2019-04-24 19:14:15
79,SYM24E02D,kogan,China,50.0,2019-04-24 19:14:15
80,SYM24E03D,kogan,China,50.0,2019-04-24 19:14:15
81,231S4Q,PHILIPS,Netherlands,86.0,2019-04-24 19:14:15
82,M155,GAEMS,China,33.0,2019-04-24 19:14:15
83,20M37D,LG,"Indonesia,South Korea,China",55.0,2019-04-24 19:14:15
84,22M37D,LG,"Indonesia,South Korea,China",64.0,2019-04-24 19:14:15
85,27MP37HQ,LG,"South Korea,Indonesia,China",100.0,2019-04-24 19:14:15
86,22MP57HQ,LG,"South Korea,Indonesia,China",80.0,2019-04-24 19:14:15
87,23MP57HQ,LG,"South Korea,Indonesia,China",75.0,2019-04-24 19:14:15
88,24MP57VQ,LG,"South Korea,Indonesia,China",87.0,2019-04-24 19:14:15
89,27MP57VQ,LG,"South Korea,Indonesia,China",108.0,2019-04-24 19:14:15
90,P2314Hc,DELL,China,88.0,2019-04-24 19:14:15
91,247E6E,PHILIPS,China,98.0,2019-04-24 19:14:15
92,LS27E390,SAMSUNG ELECTRONICS,South Korea,95.0,2019-04-24 19:14:15
93,LS27E390H,SAMSUNG ELECTRONICS,South Korea,95.0,2019-04-24 19:14:15
94,LS27E390HS,SAMSUNG ELECTRONICS,South Korea,95.0,2019-04-24 19:14:15
95,277E6E,PHILIPS,China,112.0,2019-04-24 19:14:15
96,24M47VQ,LG,"South Korea,Indonesia,China",84.0,2019-04-24 19:14:15
97,24MP77HM,LG,"South Korea,Indonesia,China",85.0,2019-04-24 19:14:15
98,27MP77HM,LG,"South Korea,Indonesia,China",93.0,2019-04-24 19:14:15
99,23MP67VQ,LG,"South Korea,Indonesia,China",77.0,2019-04-24 19:14:15
100,24MP57HQ,LG,"South Korea,Indonesia,China",87.0,2019-04-24 19:14:15
101,24MP67VQ,LG,"South Korea,Indonesia,China",83.0,2019-04-24 19:14:15
102,27MP37VQ,LG,"South Korea,Indonesia,China",100.0,2019-04-24 19:14:15
103,27MP57HQ,LG,"South Korea,Indonesia,China",108.0,2019-04-24 19:14:15
104,27MP67VQ,LG,"South Korea,Indonesia,China",94.0,2019-04-24 19:14:15
105,24MB35DE,LG,"South Korea,Indonesia,China",93.0,2019-04-24 19:14:15
106,22MB35DE,LG,"South Korea,Indonesia,China",79.0,2019-04-24 19:14:15
107,VS16029,ViewSonic,China,59.0,2019-04-24 19:14:15
108,34UC87,LG,"South Korea,Indonesia,China",222.0,2019-04-24 19:14:15
109,E24T-7 LED,Fujitsu,China,76.0,2019-04-24 19:14:15
110,195LM00001,AOC,China,86.0,2019-04-24 19:14:15
111,VS16033,ViewSonic,China,62.0,2019-04-24 19:14:15
112,LS24E360HL,SAMSUNG ELECTRONICS,South Korea,75.0,2019-04-24 19:14:15
113,*S24E360**,SAMSUNG ELECTRONICS,South Korea,75.0,2019-04-24 19:14:15
114,27M47VQ,LG,"Indonesia,South Korea,China",102.0,2019-04-24 19:14:15
115,23M47VQ,LG,"Indonesia,South Korea,China",95.0,2019-04-24 19:14:15
116,T2224zD,lenovo,China,72.0,2019-04-24 19:14:15
117,E2200HQ,acer,China,63.0,2019-04-24 19:14:15
118,HSTND-5031-L,hp,China,178.0,2019-04-24 19:14:15
119,Z24s,hp,China,178.0,2019-04-24 19:14:15
120,"Z24s, HSTND-5031-L",hp,China,178.0,2019-04-24 19:14:15
121,T2224pD,lenovo,China,67.0,2019-04-24 19:14:15
122,200V4Q,PHILIPS,China,90.0,2019-04-24 19:14:15
123,M240,GAEMS,China,110.0,2019-04-24 19:14:15
124,P2416Db,DELL,China,90.0,2019-04-24 19:14:15
125,34UC87M,LG,"China,Indonesia,South Korea",222.0,2019-04-24 19:14:15
126,P222va,HP,China,68.0,2019-04-24 19:14:15
127,VS16024,ViewSonic,China,136.0,2019-04-24 19:14:15
128,P242va,HP,China,91.0,2019-04-24 19:14:15
129,XL2730,BenQ,China,141.0,2019-04-24 19:14:15
130,XL2730Z,BenQ,China,141.0,2019-04-24 19:14:15
131,XL2730ZE,BenQ,China,141.0,2019-04-24 19:14:15
132,"XL2730Z, XL2730ZE, XL2730",BenQ,China,141.0,2019-04-24 19:14:15
133,29UM57,LG,"Indonesia,South Korea,China",127.0,2019-04-24 19:14:15
134,29UB67,LG,"Indonesia,South Korea,China",154.0,2019-04-24 19:14:15
135,22MB37PU,LG,"Indonesia,South Korea,China",78.0,2019-04-24 19:14:15
136,23MP47HQ,LG,"Indonesia,South Korea,China",84.0,2019-04-24 19:14:15
137,34UM67,LG,"Indonesia,South Korea,China",167.0,2019-04-24 19:14:15
138,240V5Q,PHILIPS,China,101.0,2019-04-24 19:14:15
139,LS24D300HLR,SAMSUNG ELECTRONICS,South Korea,99.0,2019-04-24 19:14:15
140,LS27E591CS,SAMSUNG ELECTRONICS,South Korea,131.0,2019-04-24 19:14:15
141,LS27E510,SAMSUNG ELECTRONICS,South Korea,137.0,2019-04-24 19:14:15
142,LS27E510CS,SAMSUNG ELECTRONICS,South Korea,137.0,2019-04-24 19:14:15
143,LS27E510CSX,SAMSUNG ELECTRONICS,South Korea,137.0,2019-04-24 19:14:15
144,P202va (HSTND-7061-F),HP,China,56.0,2019-04-24 19:14:15
145,HSTND-5001-A,hp,China,220.0,2019-04-24 19:14:15
146,Spectre 32,hp,China,220.0,2019-04-24 19:14:15
147,"Spectre 32, HSTND-5001-A",hp,China,220.0,2019-04-24 19:14:15
148,P222va,hp,China,75.0,2019-04-24 19:14:15
149,24MP47HQ,LG,"South Korea,Indonesia,China",103.0,2019-04-24 19:14:15
150,25UM57,LG,"South Korea,Indonesia,China",111.0,2019-04-24 19:14:15
151,29UM67,LG,"South Korea,Indonesia,China",147.0,2019-04-24 19:14:15
152,34UM57,LG,"South Korea,Indonesia,China",167.0,2019-04-24 19:14:15
153,VS15701,ViewSonic,China,76.0,2019-04-24 19:14:15
154,LU24E590DS,SAMSUNG ELECTRONICS,South Korea,154.0,2019-04-24 19:14:15
155,LU24E85KRS,SAMSUNG ELECTRONICS,South Korea,153.0,2019-04-24 19:14:15
156,LU28E85KRS,SAMSUNG ELECTRONICS,South Korea,144.0,2019-04-24 19:14:15
157,LU32E85KRS,SAMSUNG ELECTRONICS,South Korea,237.0,2019-04-24 19:14:15
158,P2016b,DELL,China,40.0,2019-04-24 19:14:15
159,LS19E20KBRV,SAMSUNG ELECTRONICS,South Korea,57.0,2019-04-24 19:14:15
160,LS19E45KBRV,SAMSUNG ELECTRONICS,South Korea,57.0,2019-04-24 19:14:15
161,LS19E**KBRV,SAMSUNG ELECTRONICS,South Korea,57.0,2019-04-24 19:14:15
162,E220t(HSTND-8021-F),HP,China,58.0,2019-04-24 19:14:15
163,E220tm(HSTND-8021-F),HP,China,58.0,2019-04-24 19:14:15
164,LS24E510CS/XY,SAMSUNG ELECTRONICS,China,111.0,2019-04-24 19:14:15
165,LS32E590CS/XY,SAMSUNG ELECTRONICS,China,163.0,2019-04-24 19:14:15
166,E2016Hb,DELL,China,40.0,2019-04-24 19:14:15
167,E2416Hb,DELL,China,61.0,2019-04-24 19:14:15
168,284E5Q,PHILIPS,Taiwan,133.0,2019-04-24 19:14:15
169,LS19E20K,SAMSUNG ELECTRONICS,South Korea,60.0,2019-04-24 19:14:15
170,LS19E20KBWV,SAMSUNG ELECTRONICS,South Korea,60.0,2019-04-24 19:14:15
171,LS19E45K,SAMSUNG ELECTRONICS,South Korea,60.0,2019-04-24 19:14:15
172,LS19E45KBWV,SAMSUNG ELECTRONICS,South Korea,60.0,2019-04-24 19:14:15
173,LS22E45K,SAMSUNG ELECTRONICS,South Korea,66.0,2019-04-24 19:14:15
174,LS22E45KBWV,SAMSUNG ELECTRONICS,South Korea,66.0,2019-04-24 19:14:15
175,LS22E45KD,SAMSUNG ELECTRONICS,South Korea,83.0,2019-04-24 19:14:15
176,LS22E45KDWV,SAMSUNG ELECTRONICS,South Korea,83.0,2019-04-24 19:14:15
177,LS22E45U,SAMSUNG ELECTRONICS,South Korea,74.0,2019-04-24 19:14:15
178,LS22E45UDWM,SAMSUNG ELECTRONICS,South Korea,74.0,2019-04-24 19:14:15
179,LS24E45UF,SAMSUNG ELECTRONICS,South Korea,100.0,2019-04-24 19:14:15
180,LS24E45UFSX,SAMSUNG ELECTRONICS,South Korea,100.0,2019-04-24 19:14:15
181,LS27E45K,SAMSUNG ELECTRONICS,South Korea,119.0,2019-04-24 19:14:15
182,LS27E45KBSV,SAMSUNG ELECTRONICS,South Korea,119.0,2019-04-24 19:14:15
183,LS27E45KD,SAMSUNG ELECTRONICS,South Korea,123.0,2019-04-24 19:14:15
184,LS27E45KDSV,SAMSUNG ELECTRONICS,South Korea,123.0,2019-04-24 19:14:15
185,E1900HQ,acer,China,46.0,2019-04-24 19:14:15
186,236LM00014,AOC,China,106.0,2019-04-24 19:14:15
187,272P4Q,PHILIPS,Taiwan,202.0,2019-04-24 19:14:15
188,LS24E65UDWM,SAMSUNG ELECTRONICS,South Korea,109.0,2019-04-24 19:14:15
189,LS24E65KDWV,SAMSUNG ELECTRONICS,South Korea,109.0,2019-04-24 19:14:15
190,LS24E65KBWV,SAMSUNG ELECTRONICS,South Korea,109.0,2019-04-24 19:14:15
191,C272P4Q,PHILIPS,Taiwan,202.0,2019-04-24 19:14:15
192,E1916Hf,DELL,China,50.0,2019-04-24 19:14:15
193,E1916HVf,DELL,China,50.0,2019-04-24 19:14:15
194,E2016HVf,DELL,China,50.0,2019-04-24 19:14:15
195,E2216Hf,DELL,China,69.0,2019-04-24 19:14:15
196,E2216HVf,DELL,China,69.0,2019-04-24 19:14:15
197,E2316Hf,DELL,China,71.0,2019-04-24 19:14:15
198,LS20D300NH,SAMSUNG ELECTRONICS,South Korea,59.0,2019-04-24 19:14:15
199,KALED27MONSB,Kogan,China,129.0,2019-04-24 19:14:15
200,240V5Q,PHILIPS,China,109.0,2019-04-24 19:14:15
201,34UC87C,LG,"South Korea,Indonesia,China",185.0,2019-04-24 19:14:15
202,LS19E45KBRV,SAMSUNG ELECTRONICS,South Korea,60.0,2019-04-24 19:14:15
203,LS22E45KBWV,SAMSUNG ELECTRONICS,South Korea,70.0,2019-04-24 19:14:15
204,LS23E45KBS,SAMSUNG ELECTRONICS,South Korea,97.0,2019-04-24 19:14:15
205,LS24E45KDLV,SAMSUNG ELECTRONICS,South Korea,96.0,2019-04-24 19:14:15
206,HSTND-9081-A,hp,China,319.0,2019-04-24 19:14:15
207,Z32x,hp,China,319.0,2019-04-24 19:14:15
208,"Z32x, HSTND-9081-A",hp,China,319.0,2019-04-24 19:14:15
209,SE2416Hc,DELL,China,83.0,2019-04-24 19:14:15
210,EW2440ZE,BenQ,China,101.0,2019-04-24 19:14:15
211,EW2440ZH,BenQ,China,101.0,2019-04-24 19:14:15
212,"EW2440ZH, EW2440ZE",BenQ,China,101.0,2019-04-24 19:14:15
213,BL2420PE,BenQ,China,126.0,2019-04-24 19:14:15
214,BL2420PH,BenQ,China,126.0,2019-04-24 19:14:15
215,BL2420PT,BenQ,China,126.0,2019-04-24 19:14:15
216,BL2420-T,BenQ,China,126.0,2019-04-24 19:14:15
217,"BL2420-T, BL2420PT, BL2420PE, BL2420PH",BenQ,China,126.0,2019-04-24 19:14:15
218,T232HL,Acer,China,99.0,2019-04-24 19:14:15
219,T272HL,Acer,China,149.0,2019-04-24 19:14:15
220,B276HL,Acer,China,155.0,2019-04-24 19:14:15
221,B296CL,Acer,China,188.0,2019-04-24 19:14:15
222,22MP47HQ,LG,"Indonesia,South Korea,China",86.0,2019-04-24 19:14:15
223,VS16073,ViewSonic,China,81.0,2019-04-24 19:14:15
224,SE2216Hf,DELL,China,67.0,2019-04-24 19:14:15
225,SE2216HVf,DELL,China,67.0,2019-04-24 19:14:15
226,34UM95C,LG,"China,Indonesia,South Korea",196.0,2019-04-24 19:14:15
227,E240,hp,China,86.0,2019-04-24 19:14:15
228,E242,hp,China,106.0,2019-04-24 19:14:15
229,"E242 , HSTND-9031-A",hp,China,106.0,2019-04-24 19:14:15
230,HSTND-9031-A,hp,China,106.0,2019-04-24 19:14:15
231,270LM00004,AOC,China,150.0,2019-04-24 19:14:15
232,HSTND-9101-A,HP,China,86.0,2019-04-24 19:14:15
233,T2054F,lenovo,China,49.0,2019-04-24 19:14:15
234,271P4Q,PHILIPS,Taiwan,174.0,2019-04-24 19:14:15
235,236LM00006,AOC,Taiwan,105.0,2019-04-24 19:14:15
236,VP278*,ASUS,China,129.0,2019-04-24 19:14:15
237,VP278H,ASUS,China,129.0,2019-04-24 19:14:15
238,VP278Q,ASUS,China,129.0,2019-04-24 19:14:15
239,S2316Hb,DELL,China,74.0,2019-04-24 19:14:15
240,S2316H,DELL,China,74.0,2019-04-24 19:14:15
241,"S2316H, S2316M",DELL,China,74.0,2019-04-24 19:14:15
242,S2316M,DELL,China,74.0,2019-04-24 19:14:15
243,E240,HP,China,79.0,2019-04-24 19:14:15
244,E240e,HP,China,79.0,2019-04-24 19:14:15
245,"E240, E240e",HP,China,79.0,2019-04-24 19:14:15
246,S2216H,DELL,China,67.0,2019-04-24 19:14:15
247,"S2216H,S2216M",DELL,China,67.0,2019-04-24 19:14:15
248,S2216M,DELL,China,67.0,2019-04-24 19:14:15
249,VS229***,ASUS,China,82.0,2019-04-24 19:14:15
250,VS229DA,ASUS,China,82.0,2019-04-24 19:14:15
251,VS229DA-W,ASUS,China,82.0,2019-04-24 19:14:15
252,VS229HA,ASUS,China,82.0,2019-04-24 19:14:15
253,VS229HA-W,ASUS,China,82.0,2019-04-24 19:14:15
254,VS229NA,ASUS,China,82.0,2019-04-24 19:14:15
255,VS229NA-W,ASUS,China,82.0,2019-04-24 19:14:15
256,GW2470H,BenQ,China,100.0,2019-04-24 19:14:15
257,GW2470HE,BenQ,China,100.0,2019-04-24 19:14:15
258,"GW2470H, GW2470HE",BenQ,China,100.0,2019-04-24 19:14:15
259,GW2870H,BenQ,China,125.0,2019-04-24 19:14:15
260,GW2870HE,BenQ,China,125.0,2019-04-24 19:14:15
261,"GW2870H, GW2870HE",BenQ,China,125.0,2019-04-24 19:14:15
262,27MU67,LG,"China,Indonesia,South Korea",120.0,2019-04-24 19:14:15
263,LS22E45UFSX,SAMSUNG ELECTRONICS,South Korea,87.0,2019-04-24 19:14:15
264,29UC97C,LG,"China,Indonesia,South Korea",103.0,2019-04-24 19:14:15
265,S24E650C,SAMSUNG ELECTRONICS,South Korea,115.0,2019-04-24 19:14:15
266,S27E650C,SAMSUNG ELECTRONICS,South Korea,115.0,2019-04-24 19:14:15
267,E242,HP,China,91.0,2019-04-24 19:14:15
268,"E242 , HSTND-9031-A",HP,China,91.0,2019-04-24 19:14:15
269,HSTND-9031-A,HP,China,91.0,2019-04-24 19:14:15
270,GW2270,BenQ,China,84.0,2019-04-24 19:14:15
271,GW2270E,BenQ,China,84.0,2019-04-24 19:14:15
272,"GW2270, GW2270H, GW2270E, GW2270HE",BenQ,China,84.0,2019-04-24 19:14:15
273,GW2270H,BenQ,China,84.0,2019-04-24 19:14:15
274,GW2270HE,BenQ,China,84.0,2019-04-24 19:14:15
275,E232,HP,China,72.0,2019-04-24 19:14:15
276,MG278***,ASUS,China,180.0,2019-04-24 19:14:15
277,MG278Q,ASUS,China,180.0,2019-04-24 19:14:15
278,MG278QE,ASUS,China,180.0,2019-04-24 19:14:15
279,MG278Q-J,ASUS,China,180.0,2019-04-24 19:14:15
280,MG278Q-P,ASUS,China,180.0,2019-04-24 19:14:15
281,MG278QR,ASUS,China,180.0,2019-04-24 19:14:15
282,HSTND-8071-Q (E222),HP,China,75.0,2019-04-24 19:14:15
283,VC239***,ASUS,China,89.0,2019-04-24 19:14:15
284,VC239H,ASUS,China,89.0,2019-04-24 19:14:15
285,VC239HE,ASUS,China,89.0,2019-04-24 19:14:15
286,VC239H-P,ASUS,China,89.0,2019-04-24 19:14:15
287,VC239HR,ASUS,China,89.0,2019-04-24 19:14:15
288,VC239H-W,ASUS,China,89.0,2019-04-24 19:14:15
289,VC239N,ASUS,China,89.0,2019-04-24 19:14:15
290,VC239N-W,ASUS,China,89.0,2019-04-24 19:14:15
291,29UC97,LG,"South Korea,Indonesia,China",108.0,2019-04-24 19:14:15
292,203V5L,PHILIPS,Taiwan,79.0,2019-04-24 19:14:15
293,E240c,HP,China,72.0,2019-04-24 19:14:15
294,VP239***,ASUS,China,103.0,2019-04-24 19:14:15
295,VP239H,ASUS,China,103.0,2019-04-24 19:14:15
296,VP239H-P,ASUS,China,103.0,2019-04-24 19:14:15
297,VP239HR,ASUS,China,103.0,2019-04-24 19:14:15
298,VP239H-W,ASUS,China,103.0,2019-04-24 19:14:15
299,VP239N,ASUS,China,103.0,2019-04-24 19:14:15
300,VP239N-W,ASUS,China,103.0,2019-04-24 19:14:15
301,VP239Q,ASUS,China,103.0,2019-04-24 19:14:15
302,270LM00014,AOC,China,190.0,2019-04-24 19:14:15
303,243V5L,PHILIPS,Taiwan,105.0,2019-04-24 19:14:15
304,S24E370DL,SAMSUNG ELECTRONICS,China,86.0,2019-04-24 19:14:15
305,S27E370D,SAMSUNG ELECTRONICS,China,104.0,2019-04-24 19:14:15
306,HSTND-3431-A,HP,China,86.0,2019-04-24 19:14:15
307,L6017tm,HP,China,86.0,2019-04-24 19:14:15
308,"L6017tm, HSTND-3431-A",HP,China,86.0,2019-04-24 19:14:15
309,280LM00002,AOC,China,150.0,2019-04-24 19:14:15
310,LT2024wA,lenovo,China,63.0,2019-04-24 19:14:15
311,V241p,HP,China,85.0,2019-04-24 19:14:15
312,LE1711,HP,China,63.0,2019-04-24 19:14:15
313,XC9441,Dick Smith,China,72.0,2019-04-24 19:14:15
314,S2716DGb,DELL,China,137.0,2019-04-24 19:14:15
315,XC9440,Dick Smith,China,79.0,2019-04-24 19:14:15
316,C240P4Q,PHILIPS,Taiwan,116.0,2019-04-24 19:14:15
317,VS16261,ViewSonic,China,77.0,2019-04-24 19:14:15
318,227E6L,PHILIPS,Taiwan,85.0,2019-04-24 19:14:15
319,E202,HP,China,59.0,2019-04-24 19:14:15
320,E240q,HP,China,114.0,2019-04-24 19:14:15
321,19M38D,LG,"South Korea,China,Indonesia",54.0,2019-04-24 19:14:15
322,240LM00016,AOC,China,95.0,2019-04-24 19:14:15
323,VS16263,ViewSonic,China,87.0,2019-04-24 19:14:15
324,P240va,HP,China,78.0,2019-04-24 19:14:15
325,270LM00019,AOC,China,131.0,2019-04-24 19:14:15
326,216V6L,PHILIPS,China,102.0,2019-04-24 19:14:15
327,230LM00032,AOC,China,105.0,2019-04-24 19:14:15
328,34UB67,LG,"Indonesia,China,South Korea",167.0,2019-04-24 19:14:15
329,241P6V,PHILIPS,China,184.0,2019-04-24 19:14:15
330,DY22T-7,FUJITSU,Germany,75.0,2019-04-24 19:14:15
331,BDM3490,PHILIPS,China,271.0,2019-04-24 19:14:15
332,SE2417HG,DELL,China,75.0,2019-04-24 19:14:15
333,SE2417HGc,DELL,China,75.0,2019-04-24 19:14:15
334,"SE2417HG, SE2417HGc",DELL,China,75.0,2019-04-24 19:14:15
335,B22T-7,FUJITSU,Germany,82.0,2019-04-24 19:14:15
336,E202,HP,China,61.0,2019-04-24 19:14:15
337,"E202, HSTND-9010-L",HP,China,61.0,2019-04-24 19:14:15
338,HSTND-9010-L,HP,China,61.0,2019-04-24 19:14:15
339,EW2775ZE,BenQ,China,122.0,2019-04-24 19:14:15
340,EW2775ZH,BenQ,China,122.0,2019-04-24 19:14:15
341,EW2775ZH; EW2775ZE,BenQ,China,122.0,2019-04-24 19:14:15
342,XC9442,Dick Smith,China,115.0,2019-04-24 19:14:15
343,QM-3578,TECHview,China,48.0,2019-04-24 19:14:15
344,20M38D,LG,"Indonesia,South Korea,China",61.0,2019-04-24 19:14:15
345,22M38A,LG,"Indonesia,South Korea,China",72.0,2019-04-24 19:14:15
346,24MP88HM,LG,"Indonesia,South Korea,China",85.0,2019-04-24 19:14:15
347,24MP48HQ,LG,"Indonesia,South Korea,China",103.0,2019-04-24 19:14:15
348,27UD68,LG,"Indonesia,South Korea,China",110.0,2019-04-24 19:14:15
349,19ka,HP,China,56.0,2019-04-24 19:14:15
350,HSTND-9141-A,HP,China,56.0,2019-04-24 19:14:15
351,B191,COMPAQ,China,56.0,2019-04-24 19:14:15
352,"B191, HSTND-9141-A",COMPAQ,China,56.0,2019-04-24 19:14:15
353,HSTND-9141-A,COMPAQ,China,56.0,2019-04-24 19:14:15
354,226V6Q,PHILIPS,China,98.0,2019-04-24 19:14:15
355,S22E450B,SAMSUNG ELECTRONICS,South Korea,82.0,2019-04-24 19:14:15
356,S24E450B,SAMSUNG ELECTRONICS,South Korea,88.0,2019-04-24 19:14:15
357,22M38D,LG,"Indonesia,South Korea,China",72.0,2019-04-24 19:14:15
358,34UM58,LG,"Indonesia,South Korea,China",119.0,2019-04-24 19:14:15
359,29UM68,LG,"Indonesia,South Korea,China",116.0,2019-04-24 19:14:15
360,24MP88HV,LG,"Indonesia,South Korea,China",85.0,2019-04-24 19:14:15
361,25UM58,LG,"Indonesia,South Korea,China",94.0,2019-04-24 19:14:15
362,U2417HWib,DELL,China,66.0,2019-04-24 19:14:15
363,S2317HWib,DELL,China,62.0,2019-04-24 19:14:15
364,23er Display (HSTND-9151-N),HP,Taiwan,70.0,2019-04-24 19:14:15
365,23es Display (HSTND-9151-N),HP,Taiwan,70.0,2019-04-24 19:14:15
366,"23es Display (HSTND-9151-N), 23er Display (HSTND-9151-N)",HP,Taiwan,70.0,2019-04-24 19:14:15
367,27ea Display (HSTND-9181-N),HP,Taiwan,88.0,2019-04-24 19:14:15
368,27eb Display (HSTND-9181-N),HP,Taiwan,88.0,2019-04-24 19:14:15
369,27ec Display (HSTND-9181-N),HP,Taiwan,88.0,2019-04-24 19:14:15
370,27er Display (HSTND-9181-N),HP,Taiwan,88.0,2019-04-24 19:14:15
371,"27er Display (HSTND-9181-N), 27es Display (HSTND-9181-N), 27eb Display (HSTND-9181-N), 27ec Display (HSTND-9181-N), 27ea Display (HSTND-9181-N)",HP,Taiwan,88.0,2019-04-24 19:14:15
372,27es Display (HSTND-9181-N),HP,Taiwan,88.0,2019-04-24 19:14:15
373,B24-8T,FUJITSU,Germany,85.0,2019-04-24 19:14:15
374,GC2870H,BenQ,China,140.0,2019-04-24 19:14:15
375,GC2870HE,BenQ,China,140.0,2019-04-24 19:14:15
376,"GC2870H, GC2870HE",BenQ,China,140.0,2019-04-24 19:14:15
377,29UC88,LG,"Indonesia,South Korea,China",118.0,2019-04-24 19:14:15
378,22MP48HQ,LG,"Indonesia,South Korea,China",85.0,2019-04-24 19:14:15
379,23MP48HQ,LG,"Indonesia,South Korea,China",83.0,2019-04-24 19:14:15
380,27MP38VQ,LG,"Indonesia,South Korea,China",83.0,2019-04-24 19:14:15
381,22MP58VQ,LG,"Indonesia,South Korea,China",76.0,2019-04-24 19:14:15
382,24MP58VQ,LG,"Indonesia,South Korea,China",89.0,2019-04-24 19:14:15
383,27MP58VQ,LG,"Indonesia,South Korea,China",101.0,2019-04-24 19:14:15
384,32MP58HQ,LG,"Indonesia,South Korea,China",128.0,2019-04-24 19:14:15
385,185LM00021,AOC,China,52.0,2019-04-24 19:14:15
386,20kd,HP,China,68.0,2019-04-24 19:14:15
387,"20kd, V203p, HSTND-9191-L",HP,China,68.0,2019-04-24 19:14:15
388,HSTND-9191-L,HP,China,68.0,2019-04-24 19:14:15
389,V203p,HP,China,68.0,2019-04-24 19:14:15
390,B201,COMPAQ,China,68.0,2019-04-24 19:14:15
391,"B201, HSTND-9191-L",COMPAQ,China,68.0,2019-04-24 19:14:15
392,HSTND-9191-L,COMPAQ,China,68.0,2019-04-24 19:14:15
393,X1A,Lenovo,China,180.0,2019-04-24 19:14:15
394,34UM68,LG,"Indonesia,South Korea,China",143.0,2019-04-24 19:14:15
395,227E7Q,Philips,China,99.0,2019-04-24 19:14:15
396,237E7Q,PHILIPS,China,106.0,2019-04-24 19:14:15
397,BDM4350,PHILIPS,China,432.0,2019-04-24 19:14:15
398,215LM00063,AOC,China,77.0,2019-04-24 19:14:15
399,206V6Q,PHILIPS,China,70.0,2019-04-24 19:14:15
400,HSTND-9211-A,HP,China,31.0,2019-04-24 19:14:15
401,L7014,HP,China,31.0,2019-04-24 19:14:15
402,L7014t,HP,China,31.0,2019-04-24 19:14:15
403,"L7014t, L7014, HSTND-9211-A",HP,China,31.0,2019-04-24 19:14:15
404,HSTND-9221-A,HP,China,28.0,2019-04-24 19:14:15
405,L7010t,HP,China,28.0,2019-04-24 19:14:15
406,"L7010t, HSTND-9221-A",HP,China,28.0,2019-04-24 19:14:15
407,27UD88,LG,"Indonesia,South Korea,China",137.0,2019-04-24 19:14:15
408,V194,HP,China,47.0,2019-04-24 19:14:15
409,VS16208,ViewSonic,China,76.0,2019-04-24 19:14:15
410,272S4,PHILIPS,China,205.0,2019-04-24 19:14:15
411,MG248***,ASUS,China,97.0,2019-04-24 19:14:15
412,MG248Q,ASUS,China,97.0,2019-04-24 19:14:15
413,MG248Q-CW,ASUS,China,97.0,2019-04-24 19:14:15
414,MG248QE,ASUS,China,97.0,2019-04-24 19:14:15
415,MG248QE-J,ASUS,China,97.0,2019-04-24 19:14:15
416,MG248QE-P,ASUS,China,97.0,2019-04-24 19:14:15
417,MG248Q-J,ASUS,China,97.0,2019-04-24 19:14:15
418,MG248Q-P,ASUS,China,97.0,2019-04-24 19:14:15
419,MG248QR,ASUS,China,97.0,2019-04-24 19:14:15
420,MG248QR-J,ASUS,China,97.0,2019-04-24 19:14:15
421,MG248QR-P,ASUS,China,97.0,2019-04-24 19:14:15
422,HJ275DBLW01K,kogan,China,144.0,2019-04-24 19:14:15
423,KALED27MONC,kogan,China,144.0,2019-04-24 19:14:15
424,"KALED27MONC, HJ275DBLW01K",kogan,China,144.0,2019-04-24 19:14:15
425,PB277***,ASUS,China,180.0,2019-04-24 19:14:15
426,PB277AQ,ASUS,China,180.0,2019-04-24 19:14:15
427,PB277H,ASUS,China,180.0,2019-04-24 19:14:15
428,PB277N,ASUS,China,180.0,2019-04-24 19:14:15
429,PB277NA,ASUS,China,180.0,2019-04-24 19:14:15
430,PB277Q,ASUS,China,180.0,2019-04-24 19:14:15
431,PB277QE,ASUS,China,180.0,2019-04-24 19:14:15
432,PB277QJ,ASUS,China,180.0,2019-04-24 19:14:15
433,PB277QLE,ASUS,China,180.0,2019-04-24 19:14:15
434,PB277T,ASUS,China,180.0,2019-04-24 19:14:15
435,PB277UQ,ASUS,China,180.0,2019-04-24 19:14:15
436,VT168***,ASUS,China,30.0,2019-04-24 19:14:15
437,VT168DE,ASUS,China,30.0,2019-04-24 19:14:15
438,VT168D-P,ASUS,China,30.0,2019-04-24 19:14:15
439,VT168H,ASUS,China,30.0,2019-04-24 19:14:15
440,VT168H-P,ASUS,China,30.0,2019-04-24 19:14:15
441,VT168HR,ASUS,China,30.0,2019-04-24 19:14:15
442,VT168N,ASUS,China,30.0,2019-04-24 19:14:15
443,VT168NE,ASUS,China,30.0,2019-04-24 19:14:15
444,VT168N-P,ASUS,China,30.0,2019-04-24 19:14:15
445,VT168T,ASUS,China,30.0,2019-04-24 19:14:15
446,190LM00019,AOC,China,62.0,2019-04-24 19:14:15
447,TIO22D,Lenovo,China,59.0,2019-04-24 19:14:15
448,24M38H,LG,"Indonesia,South Korea,China",75.0,2019-04-24 19:14:15
449,24MB37PY,LG,"Indonesia,South Korea,China",80.0,2019-04-24 19:14:15
450,27MP48HQ,LG,"Indonesia,South Korea,China",94.0,2019-04-24 19:14:15
451,C27F591FDE,SAMSUNG ELECTRONICS,Malaysia,133.0,2019-04-24 19:14:15
452,V243,HP,China,76.0,2019-04-24 19:14:15
453,236LM00031,AOC,China,92.0,2019-04-24 19:14:15
454,P1917Sc,DELL,China,50.0,2019-04-24 19:14:15
455,P2017Hc,DELL,China,52.0,2019-04-24 19:14:15
456,P2217c,DELL,China,62.0,2019-04-24 19:14:15
457,BDM3201F,PHILIPS,China,210.0,2019-04-24 19:14:15
458,LI2224A,Lenovo,China,79.0,2019-04-24 19:14:15
459,P2217Hb,DELL,China,54.0,2019-04-24 19:14:15
460,P2417Hb,DELL,China,71.0,2019-04-24 19:14:15
461,HSTND-9271-A,HP,China,50.0,2019-04-24 19:14:15
462,L7016t,HP,China,50.0,2019-04-24 19:14:15
463,"L7016t, HSTND-9271-A",HP,China,50.0,2019-04-24 19:14:15
464,P2717Ht,DELL,China,62.0,2019-04-24 19:14:15
465,P2317Hb,DELL,China,54.0,2019-04-24 19:14:15
466,"P2317Hb, P2317HWHb",DELL,China,54.0,2019-04-24 19:14:15
467,P2317HWHb,DELL,China,54.0,2019-04-24 19:14:15
468,P2317Ht,DELL,China,54.0,2019-04-24 19:14:15
469,P2217t,DELL,China,62.0,2019-04-24 19:14:15
470,E24T-7 Pro LED,FUJITSU,China,80.0,2019-04-24 19:14:15
471,238LM00008,AOC,China,95.0,2019-04-24 19:14:15
472,KALED24MONCA,Kogan,China,70.0,2019-04-24 19:14:15
473,23MP68VQ,LG,"South Korea,Indonesia,China",61.0,2019-04-24 19:14:15
474,24MP68VQ,LG,"Indonesia,South Korea,China",73.0,2019-04-24 19:14:15
475,27MP68VQ,LG,"Indonesia,South Korea,China",86.0,2019-04-24 19:14:15
476,LC32F391FWEXXY,SAMSUNG ELECTRONICS,South Korea,112.0,2019-04-24 19:14:15
477,LS19F350HNEXXY,SAMSUNG,China,60.0,2019-04-24 19:14:15
478,T2324C,Lenovo,China,50.0,2019-04-24 19:14:15
479,T2324dC,Lenovo,China,56.0,2019-04-24 19:14:15
480,LI2224F,Lenovo,China,61.0,2019-04-24 19:14:15
481,T2224sF,Lenovo,China,61.0,2019-04-24 19:14:15
482,Y27fA,Lenovo,China,115.0,2019-04-24 19:14:15
483,Y27gA,Lenovo,China,142.0,2019-04-24 19:14:15
484,T2364tA,Lenovo,China,108.0,2019-04-24 19:14:15
485,T2364pA,Lenovo,China,78.0,2019-04-24 19:14:15
486,E2417Hb,DELL,China,60.0,2019-04-24 19:14:15
487,L2364A,Lenovo,China,66.0,2019-04-24 19:14:15
488,HNA215M-0516,Altius,China,73.0,2019-04-24 19:14:15
489,L2264A,Lenovo,China,65.0,2019-04-24 19:14:15
490,V244h,HP,China,84.0,2019-04-24 19:14:15
491,T2224rF,Lenovo,China,63.0,2019-04-24 19:14:15
492,VS16422,ViewSonic,China,97.0,2019-04-24 19:14:15
493,VS16420,ViewSonic,China,93.0,2019-04-24 19:14:15
494,LI2215sD,Lenovo,China,49.0,2019-04-24 19:14:15
495,29UM58,LG,"South Korea,Indonesia,China",106.0,2019-04-24 19:14:15
496,VS16387,ViewSonic,China,82.0,2019-04-24 19:14:15
497,HSTND-9261-L,HP,China,168.0,2019-04-24 19:14:15
498,"HSTND-9261-L, S240uj",HP,China,168.0,2019-04-24 19:14:15
499,S240uj,HP,China,168.0,2019-04-24 19:14:15
500,LC22F390FHEXXY,SAMSUNG ELECTRONICS,South Korea,76.0,2019-04-24 19:14:15
501,VS16381,ViewSonic,China,66.0,2019-04-24 19:14:15
502,VS16384,ViewSonic,China,70.0,2019-04-24 19:14:15
503,P2317Hf,DELL,China,54.0,2019-04-24 19:14:15
504,270LM00016,AOC,China,121.0,2019-04-24 19:14:15
505,T2224rA,Lenovo,China,67.0,2019-04-24 19:14:15
506,LI2224A,Lenovo,China,67.0,2019-04-24 19:14:15
507,LS2224A,Lenovo,China,64.0,2019-04-24 19:14:15
508,T2224dA,Lenovo,China,78.0,2019-04-24 19:14:15
509,SE2717Hc,DELL,China,86.0,2019-04-24 19:14:15
510,TIO24D,Lenovo,China,59.0,2019-04-24 19:14:15
511,BL2405PE,BenQ,China,89.0,2019-04-24 19:14:15
512,BL2405PT,BenQ,China,89.0,2019-04-24 19:14:15
513,GL2450-T,BenQ,China,89.0,2019-04-24 19:14:15
514,S2417DGb,DELL,China,93.0,2019-04-24 19:14:15
515,236V6Q,PHILIPS,China,75.0,2019-04-24 19:14:15
516,VS16510,ViewSonic,China,59.0,2019-04-24 19:14:15
517,X24ProA,Lenovo,China,86.0,2019-04-24 19:14:15
518,HSTND-9331-A,HP,China,147.0,2019-04-24 19:14:15
519,V320,HP,China,147.0,2019-04-24 19:14:15
520,"V320, HSTND-9331-A",HP,China,147.0,2019-04-24 19:14:15
521,24o,HP,China,76.0,2019-04-24 19:14:15
522,T2214sA,Lenovo,China,67.0,2019-04-24 19:14:15
523,323E7Q,PHILIPS,China,168.0,2019-04-24 19:14:15
524,VS16523,ViewSonic,China,84.0,2019-04-24 19:14:15
525,P2417Hc,DELL,China,71.0,2019-04-24 19:14:15
526,VS16398,ViewSonic,China,68.0,2019-04-24 19:14:15
527,P2217Hc,DELL,China,54.0,2019-04-24 19:14:15
528,GW2270HM,BenQ,China,83.0,2019-04-24 19:14:15
529,"GW2270HM, GW2270ME",BenQ,China,83.0,2019-04-24 19:14:15
530,GW2270ME,BenQ,China,83.0,2019-04-24 19:14:15
531,GW2470HM,BenQ,China,93.0,2019-04-24 19:14:15
532,"GW2470HM, GW2470ME",BenQ,China,93.0,2019-04-24 19:14:15
533,GW2470ME,BenQ,China,93.0,2019-04-24 19:14:15
534,315LM00019,AOC,China,201.0,2019-04-24 19:14:15
535,270LM00027,AOC,China,200.0,2019-04-24 19:14:15
536,E230t,HP,China,82.0,2019-04-24 19:14:15
537,"E230t, HSTND-9321-L",HP,China,82.0,2019-04-24 19:14:15
538,HSTND-9321-L,HP,China,82.0,2019-04-24 19:14:15
539,19B4Q,PHILIPS,China,70.0,2019-04-24 19:14:15
540,221S6L,PHILIPS,China,78.0,2019-04-24 19:14:15
541,221B6L,PHILIPS,China,79.0,2019-04-24 19:14:15
542,LS2224A,Lenovo,China,79.0,2019-04-24 19:14:15
543,284E5Q,PHILIPS,Taiwan,167.0,2019-04-24 19:14:15
544,XL2735,BenQ,China,166.0,2019-04-24 19:14:15
545,XL2735E,BenQ,China,166.0,2019-04-24 19:14:15
546,"XL2735, XL2735E",BenQ,China,166.0,2019-04-24 19:14:15
547,LI2224F,Lenovo,China,66.0,2019-04-24 19:14:15
548,BDM3270QP2,PHILIPS,Taiwan,245.0,2019-04-24 19:14:15
549,27UD58,LG,"Indonesia,South Korea,China",108.0,2019-04-24 19:14:15
550,C5517Hc,DELL,China,362.0,2019-04-24 19:14:15
551,LC22F390FHEXXY,SAMSUNG ELECTRONICS,South Korea,80.0,2019-04-24 19:14:15
552,LS22F355FHEXXY,SAMSUNG,China,64.0,2019-04-24 19:14:15
553,LS19F355HNEXXY,SAMSUNG,China,60.0,2019-04-24 19:14:15
554,VS16539,ViewSonic,China,163.0,2019-04-24 19:14:15
555,328C7Q,PHILIPS,Taiwan,205.0,2019-04-24 19:14:15
556,HSTND-9301-A,HP,China,81.0,2019-04-24 19:14:15
557,VH22,HP,China,81.0,2019-04-24 19:14:15
558,"VH22 , HSTND-9301-A",HP,China,81.0,2019-04-24 19:14:15
559,HSTND-9371-A,HP,China,68.0,2019-04-24 19:14:15
560,P203,HP,China,68.0,2019-04-24 19:14:15
561,"P203 , HSTND-9371-A",HP,China,68.0,2019-04-24 19:14:15
562,VS16485,ViewSonic,China,201.0,2019-04-24 19:14:15
563,KALED28UHDM*,kogan,China,81.0,2019-04-24 19:14:15
564,KALED28UHDMA,kogan,China,81.0,2019-04-24 19:14:15
565,KALED28UHDMB,kogan,China,81.0,2019-04-24 19:14:15
566,KALED28UHDMC,kogan,China,81.0,2019-04-24 19:14:15
567,24UD58,LG,"Indonesia,South Korea,China",120.0,2019-04-24 19:14:15
568,241B7Q,PHILIPS,China,96.0,2019-04-24 19:14:15
569,*246HYL,acer,China,61.0,2019-04-24 19:14:15
570,B246HYL,acer,China,61.0,2019-04-24 19:14:15
571,V246HYL,acer,China,61.0,2019-04-24 19:14:15
572,34UC79G,LG,"Indonesia,China,South Korea",160.0,2019-04-24 19:14:15
573,HSTND-9341-L,HP,China,69.0,2019-04-24 19:14:15
574,S240n,HP,China,69.0,2019-04-24 19:14:15
575,"S240n, HSTND-9341-L",HP,China,69.0,2019-04-24 19:14:15
576,P24-8T,FUJITSU,Germany,67.0,2019-04-24 19:14:15
577,ENVY 24 Display HSTND-9341-L,HP,China,69.0,2019-04-24 19:14:15
578,19S4Q,PHILIPS,Taiwan,70.0,2019-04-24 19:14:15
579,238LM00009,AOC,China,135.0,2019-04-24 19:14:15
580,XL2540,BenQ,China,124.0,2019-04-24 19:14:15
581,XL2540E,BenQ,China,124.0,2019-04-24 19:14:15
582,XL2540W,BenQ,China,124.0,2019-04-24 19:14:15
583,"XL2540, XL2540E, XL2540W",BenQ,China,124.0,2019-04-24 19:14:15
584,P223,HP,China,63.0,2019-04-24 19:14:15
585,16M38A,LG,"South Korea,Indonesia,China",18.0,2019-04-24 19:14:15
586,EX3200R,BenQ,China,160.0,2019-04-24 19:14:15
587,EX3200RE,BenQ,China,160.0,2019-04-24 19:14:15
588,"EX3200R, EX3200RE",BenQ,China,160.0,2019-04-24 19:14:15
589,22MD4KA,LG,"China,Indonesia,South Korea",115.0,2019-04-24 19:14:15
590,VS16393,ViewSonic,China,66.0,2019-04-24 19:14:15
591,VS16403,ViewSonic,China,91.0,2019-04-24 19:14:15
592,246E7Q,PHILIPS,China,85.0,2019-04-24 19:14:15
593,A16270QX0,Lenovo,China,115.0,2019-04-24 19:14:15
594,241B6Q,PHILIPS,China,93.0,2019-04-24 19:14:15
595,221B6Q,PHILIPS,China,79.0,2019-04-24 19:14:15
596,221S6Q,PHILIPS,China,83.0,2019-04-24 19:14:15
597,278C7,PHILIPS,China,113.0,2019-04-24 19:14:15
598,BDM4037U,PHILIPS,China,216.0,2019-04-24 19:14:15
599,VB199***,ASUS,China,77.0,2019-04-24 19:14:15
600,VB199D,ASUS,China,77.0,2019-04-24 19:14:15
601,VB199D-P,ASUS,China,77.0,2019-04-24 19:14:15
602,VB199N,ASUS,China,77.0,2019-04-24 19:14:15
603,VB199NL,ASUS,China,77.0,2019-04-24 19:14:15
604,VB199T,ASUS,China,77.0,2019-04-24 19:14:15
605,VB199TL,ASUS,China,77.0,2019-04-24 19:14:15
606,VB199TL-P,ASUS,China,77.0,2019-04-24 19:14:15
607,VB199T-P,ASUS,China,77.0,2019-04-24 19:14:15
608,VS228**,ASUS,China,83.0,2019-04-24 19:14:15
609,VS228DE,ASUS,China,83.0,2019-04-24 19:14:15
610,VS228NE,ASUS,China,83.0,2019-04-24 19:14:15
611,VX278***,ASUS,China,115.0,2019-04-24 19:14:15
612,VX278H,ASUS,China,115.0,2019-04-24 19:14:15
613,VX278H-P,ASUS,China,115.0,2019-04-24 19:14:15
614,VX278HR,ASUS,China,115.0,2019-04-24 19:14:15
615,VX278Q,ASUS,China,115.0,2019-04-24 19:14:15
616,VP247***,ASUS,China,106.0,2019-04-24 19:14:15
617,VP247D,ASUS,China,106.0,2019-04-24 19:14:15
618,VP247H,ASUS,China,106.0,2019-04-24 19:14:15
619,VP247HA,ASUS,China,106.0,2019-04-24 19:14:15
620,VP247H-P,ASUS,China,106.0,2019-04-24 19:14:15
621,VP247N,ASUS,China,106.0,2019-04-24 19:14:15
622,VP247NA,ASUS,China,106.0,2019-04-24 19:14:15
623,VP247S,ASUS,China,106.0,2019-04-24 19:14:15
624,VP247T,ASUS,China,106.0,2019-04-24 19:14:15
625,VP247TA,ASUS,China,106.0,2019-04-24 19:14:15
626,38UC99,LG,"South Korea,Indonesia,China",216.0,2019-04-24 19:14:15
627,F16238QX0,Lenovo,China,88.0,2019-04-24 19:14:15
628,MG24***,ASUS,China,119.0,2019-04-24 19:14:15
629,MG24UQ,ASUS,China,119.0,2019-04-24 19:14:15
630,MG24UQR,ASUS,China,119.0,2019-04-24 19:14:15
631,VS197***,ASUS,China,62.0,2019-04-24 19:14:15
632,VS197D,ASUS,China,62.0,2019-04-24 19:14:15
633,VS197DE,ASUS,China,62.0,2019-04-24 19:14:15
634,VS197D-P,ASUS,China,62.0,2019-04-24 19:14:15
635,VS197N,ASUS,China,62.0,2019-04-24 19:14:15
636,VS197N-P,ASUS,China,62.0,2019-04-24 19:14:15
637,VS197S,ASUS,China,62.0,2019-04-24 19:14:15
638,VS197T,ASUS,China,62.0,2019-04-24 19:14:15
639,VS197TE,ASUS,China,62.0,2019-04-24 19:14:15
640,VS197T-P,ASUS,China,62.0,2019-04-24 19:14:15
641,242P6V,PHILIPS,China,147.0,2019-04-24 19:14:15
642,VS247***,ASUS,China,95.0,2019-04-24 19:14:15
643,VS247H-P,ASUS,China,95.0,2019-04-24 19:14:15
644,VS247HR,ASUS,China,95.0,2019-04-24 19:14:15
645,VS247HV,ASUS,China,95.0,2019-04-24 19:14:15
646,VS247NR,ASUS,China,95.0,2019-04-24 19:14:15
647,VS247NV,ASUS,China,95.0,2019-04-24 19:14:15
648,BE229***,ASUS,China,78.0,2019-04-24 19:14:15
649,BE229Q,ASUS,China,78.0,2019-04-24 19:14:15
650,BE229QB,ASUS,China,78.0,2019-04-24 19:14:15
651,BE229QL,ASUS,China,78.0,2019-04-24 19:14:15
652,BE229QLB,ASUS,China,78.0,2019-04-24 19:14:15
653,BE229TLB,ASUS,China,78.0,2019-04-24 19:14:15
654,CB281HK,Acer,China,210.0,2019-04-24 19:14:15
655,24CAV37K,LG,"South Korea,Indonesia,China",87.0,2019-04-24 19:14:15
656,A16270QP0,Lenovo,China,120.0,2019-04-24 19:14:15
657,GL2070,BenQ,China,54.0,2019-04-24 19:14:15
658,P2418HZc,DELL,China,73.0,2019-04-24 19:14:15
659,P2418HTt,DELL,China,66.0,2019-04-24 19:14:15
660,A16215FT0,Lenovo,China,60.0,2019-04-24 19:14:15
661,HSTND-9421-L,HP,China,60.0,2019-04-24 19:14:15
662,N220,HP,China,60.0,2019-04-24 19:14:15
663,"N220, HSTND-9421-L",HP,China,60.0,2019-04-24 19:14:15
664,HSTND-9431-L,HP,China,63.0,2019-04-24 19:14:15
665,N240,HP,China,63.0,2019-04-24 19:14:15
666,"N240, HSTND-9431-L",HP,China,63.0,2019-04-24 19:14:15
667,HSTND-9441-L,HP,China,81.0,2019-04-24 19:14:15
668,N270,HP,China,81.0,2019-04-24 19:14:15
669,"N270, HSTND-9441-L",HP,China,81.0,2019-04-24 19:14:15
670,VS16441,ViewSonic,China,140.0,2019-04-24 19:14:15
671,F16238QP0,Lenovo,China,82.0,2019-04-24 19:14:15
672,"27 "" Full HD LED Monitor",KOGAN,Australia,125.0,2019-04-24 19:14:15
673,KALED27MONSB,KOGAN,Australia,125.0,2019-04-24 19:14:15
674,KALED27MONSC,KOGAN,Australia,125.0,2019-04-24 19:14:15
675,F16238FT0,Lenovo,China,57.0,2019-04-24 19:14:15
676,GW2470H,BenQ,China,100.0,2019-04-24 19:14:15
677,GW2470HE,BenQ,China,100.0,2019-04-24 19:14:15
678,"GW2470H, GW2470HE",BenQ,China,100.0,2019-04-24 19:14:15
679,GW2270,BenQ,China,84.0,2019-04-24 19:14:15
680,GW2270H,BenQ,China,84.0,2019-04-24 19:14:15
681,"GW2470H, GW2470HE",BenQ,China,84.0,2019-04-24 19:14:15
682,P223a,HP,China,63.0,2019-04-24 19:14:15
683,P27-8T,Fujitsu,China,64.0,2019-04-24 19:14:15
684,P24-8W,Fujitsu,China,72.0,2019-04-24 19:14:15
685,278E8Q,PHILIPS,China,132.0,2019-04-24 19:14:15
686,BL2706HT,BenQ,China,90.0,2019-04-24 19:14:15
687,VS16568,ViewSonic,China,95.0,2019-04-24 19:14:15
688,VS16530,ViewSonic,China,71.0,2019-04-24 19:14:15
689,BL2411PT,BenQ,China,89.0,2019-04-24 19:14:15
690,271S7Q,PHILIPS,China,88.0,2019-04-24 19:14:15
691,HSTND-9421-L,HP,China,67.0,2019-04-24 19:14:15
692,N220,HP,China,67.0,2019-04-24 19:14:15
693,N220b,HP,China,67.0,2019-04-24 19:14:15
694,"N220, HSTND-9421-L, N220b",HP,China,67.0,2019-04-24 19:14:15
695,HP 27b Curved Display,HP,China,114.0,2019-04-24 19:14:15
696,HP 27 Curved Display,HP,China,114.0,2019-04-24 19:14:15
697,HSTND-9411-A,HP,China,114.0,2019-04-24 19:14:15
698,N270c,HP,China,114.0,2019-04-24 19:14:15
699,"N270c, HP 27 Curved Display, HP 27b Curved Display, HSTND-9411-A",HP,China,114.0,2019-04-24 19:14:15
700,315LM00022,AOC,China,182.0,2019-04-24 19:14:15
701,276E7Q,PHILIPS,China,114.0,2019-04-24 19:14:15
702,L2364A,Lenovo,China,73.0,2019-04-24 19:14:15
703,S2418Ht,DELL,China,65.0,2019-04-24 19:14:15
704,"S2418Ht, S2418Nt",DELL,China,65.0,2019-04-24 19:14:15
705,S2418Nt,DELL,China,65.0,2019-04-24 19:14:15
706,S2718Hc,DELL,China,88.0,2019-04-24 19:14:15
707,"S2718Hc, S2718Nc",DELL,China,88.0,2019-04-24 19:14:15
708,S2718Nc,DELL,China,88.0,2019-04-24 19:14:15
709,S2318Hc,DELL,China,73.0,2019-04-24 19:14:15
710,"S2318Hc, S2318Mc, S2318Nc",DELL,China,73.0,2019-04-24 19:14:15
711,S2318Mc,DELL,China,73.0,2019-04-24 19:14:15
712,S2318Nc,DELL,China,73.0,2019-04-24 19:14:15
713,VS16566,ViewSonic,China,75.0,2019-04-24 19:14:15
714,S2218Hc,DELL,China,67.0,2019-04-24 19:14:15
715,"S2218Hc, S2218Mc",DELL,China,67.0,2019-04-24 19:14:15
716,S2218Mc,DELL,China,67.0,2019-04-24 19:14:15
717,LC27H580FDEXXY,SAMSUNG ELECTRONICS,Vietnam,124.0,2019-04-24 19:14:15
718,250LM00005,AOC,China,110.0,2019-04-24 19:14:15
719,BL2706**,BENQ,China,83.0,2019-04-24 19:14:15
720,BL2706HE,BENQ,China,83.0,2019-04-24 19:14:15
721,BL2706HT,BENQ,China,83.0,2019-04-24 19:14:15
722,350LM00004,AOC,China,197.0,2019-04-24 19:14:15
723,350LM00005,AOC,China,260.0,2019-04-24 19:14:15
724,K242HL,Acer,China,113.0,2019-04-24 19:14:15
725,K242HL A,Acer,China,113.0,2019-04-24 19:14:15
726,UM.FW2SA.A01,Acer,China,113.0,2019-04-24 19:14:15
727,315LM00017,AOC,China,215.0,2019-04-24 19:14:15
728,GW2470HL,BenQ,China,94.0,2019-04-24 19:14:15
729,"GW2470HL, GW2470LE",BenQ,China,94.0,2019-04-24 19:14:15
730,GW2470LE,BenQ,China,94.0,2019-04-24 19:14:15
731,GW2470HL,BenQ,China,92.0,2019-04-24 19:14:15
732,GW2470LE,BenQ,China,92.0,2019-04-24 19:14:15
733,GW2470EM,BenQ,China,95.0,2019-04-24 19:14:15
734,GW2470ML,BenQ,China,95.0,2019-04-24 19:14:15
735,"GW2470ML,GW2470EM",BenQ,China,95.0,2019-04-24 19:14:15
736,240LM00010,AOC,China,150.0,2019-04-24 19:14:15
737,A16270QP1,Lenovo,China,120.0,2019-04-24 19:14:15
738,KALED27WQHDJA,Kogan,China,120.0,2019-04-24 19:14:15
739,GW2760HL,BenQ,China,144.0,2019-04-24 19:14:15
740,GW2760HL; GW2760LE,BenQ,China,144.0,2019-04-24 19:14:15
741,GW2760LE,BenQ,China,144.0,2019-04-24 19:14:15
742,HSTND-9451-A,HP,China,164.0,2019-04-24 19:14:15
743,N320c,HP,China,164.0,2019-04-24 19:14:15
744,"N320c, HSTND-9451-A",HP,China,164.0,2019-04-24 19:14:15
745,L2264A,Lenovo,China,67.0,2019-04-24 19:14:15
746,K202HQL,Acer,China,88.0,2019-04-24 19:14:15
747,270LM00036,AOC,China,143.0,2019-04-24 19:14:15
748,246E8F,PHILIPS,China,122.0,2019-04-24 19:14:15
749,276E8F,PHILIPS,China,160.0,2019-04-24 19:14:15
750,LC24FG70FQEXXY,SAMSUNG ELECTRONICS,China,126.0,2019-04-24 19:14:15
751,24MP59G,LG,"Indonesia,South Korea,China",76.0,2019-04-24 19:14:15
752,27MP59G,LG,"Indonesia,South Korea,China",93.0,2019-04-24 19:14:15
753,27MP89HM,LG,"Indonesia,South Korea,China",81.0,2019-04-24 19:14:15
754,27UD69,LG,"Indonesia,South Korea,China",115.0,2019-04-24 19:14:15
755,24GM79G,LG,"South Korea,Indonesia,China",103.0,2019-04-24 19:14:15
756,29UM69G,LG,"South Korea,Indonesia,China",102.0,2019-04-24 19:14:15
757,34UM69G,LG,"South Korea,Indonesia,China",133.0,2019-04-24 19:14:15
758,E2318Hf,DELL,China,61.0,2019-04-24 19:14:15
759,BFP200-23,Bloomberg,"Indonesia,South Korea,China",58.0,2019-04-24 19:14:15
760,BFP200-27,Bloomberg,"South Korea,Indonesia,China",131.0,2019-04-24 19:14:15
761,LS25HG50FQEXXY,SAMSUNG ELECTRONICS,South Korea,101.0,2019-04-24 19:14:15
762,OMEN by HP 25,hp,China,82.0,2019-04-24 19:14:15
763,32UD99,LG,"Indonesia,South Korea,China",138.0,2019-04-24 19:14:15
764,22w,HP,China,63.0,2019-04-24 19:14:15
765,"22w , HSTND-9521-A",HP,China,63.0,2019-04-24 19:14:15
766,HSTND-9521-A,HP,China,63.0,2019-04-24 19:14:15
767,24w,HP,China,71.0,2019-04-24 19:14:15
768,"24w, HSTND-9531-A",HP,China,71.0,2019-04-24 19:14:15
769,HSTND-9531-A,HP,China,71.0,2019-04-24 19:14:15
770,243S7E,PHILIPS,China,69.0,2019-04-24 19:14:15
771,243V7Q,PHILIPS,China,73.0,2019-04-24 19:14:15
772,328E8Q,PHILIPS,China,150.0,2019-04-24 19:14:15
773,19P4Q,PHILIPS,China,67.0,2019-04-24 19:14:15
774,273V7Q,PHILIPS,China,81.0,2019-04-24 19:14:15
775,F16238QP1,Lenovo,China,84.0,2019-04-24 19:14:15
776,223V7Q,PHILIPS,China,61.0,2019-04-24 19:14:15
777,34UC99,LG,"South Korea,Indonesia,China",215.0,2019-04-24 19:14:15
778,223S7E,PHILIPS,China,60.0,2019-04-24 19:14:15
779,LU28H750UQEXXY,SAMSUNG ELECTRONICS,South Korea,124.0,2019-04-24 19:14:15
780,A16240WT0,Lenovo,China,72.0,2019-04-24 19:14:15
781,27o,hp,China,57.0,2019-04-24 19:14:15
782,V273,hp,China,57.0,2019-04-24 19:14:15
783,V273a,hp,China,57.0,2019-04-24 19:14:15
784,XL2546,BenQ,China,68.0,2019-04-24 19:14:15
785,XL2546E,BenQ,China,68.0,2019-04-24 19:14:15
786,"XL2546, XL2546E",BenQ,China,68.0,2019-04-24 19:14:15
787,LS24H650GDEXXY,SAMSUNG ELECTRONICS,South Korea,82.0,2019-04-24 19:14:15
788,HP 27x Curved Display,HP,China,117.0,2019-04-24 19:14:15
789,"HP 27x Curved Display, HSTND-9551-A",HP,China,117.0,2019-04-24 19:14:15
790,HSTND-9551-A,HP,China,117.0,2019-04-24 19:14:15
791,DY22-8T,Fujitsu,China,45.0,2019-04-24 19:14:15
792,LS27HG50QQEXXY,SAMSUNG ELECTRONICS,South Korea,176.0,2019-04-24 19:14:15
793,LC24FG73FQEXXY,SAMSUNG ELECTRONICS,South Korea,126.0,2019-04-24 19:14:15
794,LC27FG73FQEXXY,SAMSUNG ELECTRONICS,South Korea,141.0,2019-04-24 19:14:15
795,326M6F,PHILIPS,China,180.0,2019-04-24 19:14:15
796,E243,HP,China,69.0,2019-04-24 19:14:15
797,"E243, HSTND-9581-A",HP,China,69.0,2019-04-24 19:14:15
798,HSTND-9581-A,HP,China,69.0,2019-04-24 19:14:15
799,24MP59HT,LG,"Indonesia,South Korea,China",72.0,2019-04-24 19:14:15
800,27MP59HT,LG,"Indonesia,South Korea,China",85.0,2019-04-24 19:14:15
801,315LM00026,AOC,China,185.0,2019-04-24 19:14:15
802,VS16845,ViewSonic,China,332.0,2019-04-24 19:14:15
803,VS16920,ViewSonic,China,122.0,2019-04-24 19:14:15
804,LS27H850QFEXXY,SAMSUNG ELECTRONICS,South Korea,148.0,2019-04-24 19:14:15
805,LS24H850QFEXXY,SAMSUNG ELECTRONICS,South Korea,139.0,2019-04-24 19:14:15
806,Z38c,HP,China,233.0,2019-04-24 19:14:15
807,24BK550Y,LG,"Indonesia,South Korea,China",78.0,2019-04-24 19:14:15
808,24BK750Y,LG,"Indonesia,South Korea,China",65.0,2019-04-24 19:14:15
809,27BK550Y,LG,"South Korea,Indonesia,China",94.0,2019-04-24 19:14:15
810,27BK750Y,LG,"South Korea,Indonesia,China",78.0,2019-04-24 19:14:15
811,349X7F,PHILIPS,China,279.0,2019-04-24 19:14:15
812,F16238FX0,Lenovo,China,61.0,2019-04-24 19:14:15
813,29UM59A,LG,"South Korea,Indonesia,China",83.0,2019-04-24 19:14:15
814,E2218HNf,DELL,China,58.0,2019-04-24 19:14:15
815,P2418Dc,DELL,China,83.0,2019-04-24 19:14:15
816,XL2730,BenQ,China,175.0,2019-04-24 19:14:15
817,"XL2730, XL2730Z, XL2730ZE",BenQ,China,175.0,2019-04-24 19:14:15
818,XL2730Z,BenQ,China,175.0,2019-04-24 19:14:15
819,XL2730ZE,BenQ,China,175.0,2019-04-24 19:14:15
820,AW2518H,ALIENWARE,China,102.0,2019-04-24 19:14:15
821,E2418HN,DELL,China,59.0,2019-04-24 19:14:15
822,BL2480T,BenQ,China,78.0,2019-04-24 19:14:15
823,GW2480,BenQ,China,78.0,2019-04-24 19:14:15
824,GW2480E,BenQ,China,78.0,2019-04-24 19:14:15
825,"GW2480, GW2480E, BL2480T",BenQ,China,78.0,2019-04-24 19:14:15
826,BL2780,BenQ,China,87.0,2019-04-24 19:14:15
827,BL2780T,BenQ,China,87.0,2019-04-24 19:14:15
828,GW2780,BenQ,China,87.0,2019-04-24 19:14:15
829,GW2780E,BenQ,China,87.0,2019-04-24 19:14:15
830,"GW2780, GW2780E, BL2780, BL2780T",BenQ,China,87.0,2019-04-24 19:14:15
831,43UD79,LG,"South Korea,Indonesia,China",224.0,2019-04-24 19:14:15
832,E233,HP,China,65.0,2019-04-24 19:14:15
833,G237HL,Acer,China,101.0,2019-04-24 19:14:15
834,G237HLA,Acer,China,101.0,2019-04-24 19:14:15
835,GL2580H,BenQ,China,82.0,2019-04-24 19:14:15
836,GL2580HE,BenQ,China,82.0,2019-04-24 19:14:15
837,"GL2580H, GL2580HE, GL2580HM, GL2580ME",BenQ,China,82.0,2019-04-24 19:14:15
838,GL2580HM,BenQ,China,82.0,2019-04-24 19:14:15
839,GL2580ME,BenQ,China,82.0,2019-04-24 19:14:15
840,HP OMEN by HP 27,HP,China,188.0,2019-04-24 19:14:15
841,E223,HP,China,62.0,2019-04-24 19:14:15
842,E233,HP,China,65.0,2019-04-24 19:14:15
843,A16270UP0,Lenovo,China,174.0,2019-04-24 19:14:15
844,A17TIO22T,Lenovo,China,75.0,2019-04-24 19:14:15
845,Z22n G2,HP,China,67.0,2019-04-24 19:14:15
846,Z23n G2,HP,China,71.0,2019-04-24 19:14:15
847,Z24nf G2,HP,China,74.0,2019-04-24 19:14:15
848,E243,HP,China,69.0,2019-04-24 19:14:15
849,273V5L,PHILIPS,China,111.0,2019-04-24 19:14:15
850,E223,HP,China,62.0,2019-04-24 19:14:15
851,D17238FE0,Lenovo,China,64.0,2019-04-24 19:14:15
852,A17TIO24,Lenovo,China,82.0,2019-04-24 19:14:15
853,A17TIO22,Lenovo,China,75.0,2019-04-24 19:14:15
854,A17TIO24T,Lenovo,China,82.0,2019-04-24 19:14:15
855,U3418HWf,DELL,China,119.0,2019-04-24 19:14:15
856,AW2518HF,ALIENWARE,China,81.0,2019-04-24 19:14:15
857,LC34H890WJEXXY,SAMSUNG ELECTRONICS,South Korea,207.0,2019-04-24 19:14:15
858,LC27H800FCEXXY,SAMSUNG ELECTRONICS,South Korea,156.0,2019-04-24 19:14:15
859,LC27F397FHEXXY,SAMSUNG ELECTRONICS,South Korea,87.0,2019-04-24 19:14:15
860,F17238FT0,Lenovo,China,56.0,2019-04-24 19:14:15
861,E243m,HP,China,59.0,2019-04-24 19:14:15
862,34UC89G,LG,"South Korea,Indonesia,China",215.0,2019-04-24 19:14:15
863,32UD59,LG,"Indonesia,South Korea,China",151.0,2019-04-24 19:14:15
864,AL3217CM,Altius,China,152.0,2019-04-24 19:14:15
865,V2417E,SHARP,China,59.0,2019-04-24 19:14:15
866,XL2536,BenQ,China,86.0,2019-04-24 19:14:15
867,XL2536E,BenQ,China,86.0,2019-04-24 19:14:15
868,"XL2536, XL2536E",BenQ,China,86.0,2019-04-24 19:14:15
869,238LM00020,AOC,China,81.0,2019-04-24 19:14:15
870,270LM00040,AOC,China,100.0,2019-04-24 19:14:15
871,356M6Q,PHILIPS,China,135.0,2019-04-24 19:14:15
872,E273,HP,China,67.0,2019-04-24 19:14:15
873,A17210FE0,Lenovo,China,63.0,2019-04-24 19:14:15
874,27w,HP,China,82.0,2019-04-24 19:14:15
875,EX3501R,BenQ,China,130.0,2019-04-24 19:14:15
876,EX3501RE,BenQ,China,130.0,2019-04-24 19:14:15
877,"EX3501R, EX3501RE",BenQ,China,130.0,2019-04-24 19:14:15
878,P2018Hc,DELL,China,57.0,2019-04-24 19:14:15
879,S2418Ht,DELL,China,65.0,2019-04-24 19:14:15
880,S2418Nt,DELL,China,65.0,2019-04-24 19:14:15
881,F17210FV0,Lenovo,China,61.0,2019-04-24 19:14:15
882,328M6F,PHILIPS,China,242.0,2019-04-24 19:14:15
883,215LM00071,AOC,China,60.0,2019-04-24 19:14:15
884,E273m,HP,China,87.0,2019-04-24 19:14:15
885,34UB88,LG,"South Korea,Indonesia,China",190.0,2019-04-24 19:14:15
886,AW3418DW,ALIENWARE,China,195.0,2019-04-24 19:14:15
887,AW3418HW,ALIENWARE,China,173.0,2019-04-24 19:14:15
888,238LM00021,AOC,China,64.0,2019-04-24 19:14:15
889,24y,HP,China,68.0,2019-04-24 19:14:15
890,HP 24y Monitor,HP,China,68.0,2019-04-24 19:14:15
891,HP N246v Monitor,HP,China,68.0,2019-04-24 19:14:15
892,HSTND-9751-V,HP,China,68.0,2019-04-24 19:14:15
893,N246v,HP,China,68.0,2019-04-24 19:14:15
894,22y,HP,China,41.0,2019-04-24 19:14:15
895,HP 22y Monitor,HP,China,41.0,2019-04-24 19:14:15
896,HP N223v Monitor,HP,China,41.0,2019-04-24 19:14:15
897,HSTND-9741-V,HP,China,41.0,2019-04-24 19:14:15
898,N223v,HP,China,41.0,2019-04-24 19:14:15
899,E2219HN,DELL,China,46.0,2019-04-24 19:14:15
900,EW277HDR,BenQ,China,93.0,2019-04-24 19:14:15
901,253V7L,PHILIPS,China,86.0,2019-04-24 19:14:15
902,D17238FE1,Lenovo,China,66.0,2019-04-24 19:14:15
903,278C6Q,PHILIPS,China,159.0,2019-04-24 19:14:15
904,241P6Q,PHILIPS,China,98.0,2019-04-24 19:14:15
905,N240h,HP,China,62.0,2019-04-24 19:14:15
906,N270h,HP,China,81.0,2019-04-24 19:14:15
907,XL2740,BenQ,China,80.0,2019-04-24 19:14:15
908,XL2740E,BenQ,China,80.0,2019-04-24 19:14:15
909,"XL2740, XL2740E",BenQ,China,80.0,2019-04-24 19:14:15
910,TM-23,AG neovo,China,110.0,2019-04-24 19:14:15
911,240B7Q,PHILIPS,China,102.0,2019-04-24 19:14:15
912,HP V270 27-inch Monitor,HP,China,66.0,2019-04-24 19:14:15
913,HP V270 Monitor,HP,China,66.0,2019-04-24 19:14:15
914,V270,HP,China,66.0,2019-04-24 19:14:15
915,XL2411P,BenQ,China,117.0,2019-04-24 19:14:15
916,F17238FX0,Lenovo,China,61.0,2019-04-24 19:14:15
917,D17238FT0,Lenovo,China,59.0,2019-04-24 19:14:15
918,D17215FT0,Lenovo,China,52.0,2019-04-24 19:14:15
919,T2254A,Lenovo,China,63.0,2019-04-24 19:14:15
920,VS16492,ViewSonic,China,120.0,2019-04-24 19:14:15
921,B27-8T,FUJITSU,Germany,82.0,2019-04-24 19:14:15
922,P3418HWf,DELL,China,119.0,2019-04-24 19:14:15
923,20M38D,LG,"Indonesia,South Korea,China",61.0,2019-04-24 19:14:15
924,328P6A,PHILIPS,China,230.0,2019-04-24 19:14:15
925,H17245FY0,Lenovo,China,97.0,2019-04-24 19:14:15
926,VS17037,ViewSonic,China,116.0,2019-04-24 19:14:15
927,34UM59,LG,"Indonesia,South Korea,China",118.0,2019-04-24 19:14:15
928,22y,HP,China,49.0,2019-04-24 19:14:15
929,22yh,HP,China,49.0,2019-04-24 19:14:15
930,HP 22y Display,HP,China,49.0,2019-04-24 19:14:15
931,HP 22yh Display,HP,China,49.0,2019-04-24 19:14:15
932,HP 22y Monitor,HP,China,49.0,2019-04-24 19:14:15
933,HP N223v Monitor,HP,China,49.0,2019-04-24 19:14:15
934,HSTND-9741-V,HP,China,49.0,2019-04-24 19:14:15
935,N223v,HP,China,49.0,2019-04-24 19:14:15
936,VS17090,ViewSonic,China,163.0,2019-04-24 19:14:15
937,LS27E45KBHV,SAMSUNG ELECTRONICS,South Korea,119.0,2019-04-24 19:14:15
938,DY24-9T,FUJITSU,Germany,68.0,2019-04-24 19:14:15
939,27GK750F,LG,"Indonesia,South Korea,China",104.0,2019-04-24 19:14:15
940,32GK850G,LG,"Indonesia,South Korea,China",203.0,2019-04-24 19:14:15
941,E24-9 TOUCH,FUJITSU,Germany,69.0,2019-04-24 19:14:15
942,S2419HMt,DELL,China,70.0,2019-04-24 19:14:15
943,VS16265,ViewSonic,China,135.0,2019-04-24 19:14:15
944,VS16327,ViewSonic,China,129.0,2019-04-24 19:14:15
945,KALED24MONPA,KOGAN,China,95.0,2019-04-24 19:14:15
946,TPC-Q035-D23,HP,China,62.0,2019-04-24 19:14:15
947,TPC-Q035-D27,HP,China,107.0,2019-04-24 19:14:15
948,TPC-Q035-D34,HP,China,142.0,2019-04-24 19:14:15
949,VS17220,ViewSonic,China,146.0,2019-04-24 19:14:15
950,241B7QU,PHILIPS,China,72.0,2019-04-24 19:14:15
951,LS24E45KDSV,SAMSUNG ELECTRONICS,South Korea,100.0,2019-04-24 19:14:15
952,D17195HE2,Lenovo,China,48.0,2019-04-24 19:14:15
953,"D17195HE2, D17195HE3, D17195HV0",Lenovo,China,48.0,2019-04-24 19:14:15
954,D17195HE3,Lenovo,China,48.0,2019-04-24 19:14:15
955,D17195HV0,Lenovo,China,48.0,2019-04-24 19:14:15
956,HP V190 18.5-inch Monitor,HP,China,41.0,2019-04-24 19:14:15
957,HP V190 Monitor,HP,China,41.0,2019-04-24 19:14:15
958,HSTND-9851-V,HP,China,41.0,2019-04-24 19:14:15
959,V190,HP,China,41.0,2019-04-24 19:14:15
960,EL2870U,BenQ,China,129.0,2019-04-24 19:14:15
961,24y,HP,China,68.0,2019-04-24 19:14:15
962,HP 24y Display,HP,China,68.0,2019-04-24 19:14:15
963,HP N246v Monitor,HP,China,68.0,2019-04-24 19:14:15
964,HSTND-9751-V,HP,China,68.0,2019-04-24 19:14:15
965,N246v,HP,China,68.0,2019-04-24 19:14:15
966,KALED27MONSD,KOGAN,China,125.0,2019-04-24 19:14:15
967,CB271H,Acer,China,164.0,2019-04-24 19:14:15
968,CB271H/KA271A,Acer,China,164.0,2019-04-24 19:14:15
969,KA271A,Acer,China,164.0,2019-04-24 19:14:15
970,23CAV42KL,LG,"Indonesia,South Korea,China",80.0,2019-04-24 19:14:15
971,KA220HQ,Acer,China,92.0,2019-04-24 19:14:15
972,G206HQL,Acer,China,100.0,2019-04-24 19:14:15
973,XB252Q,Acer,China,98.0,2019-04-24 19:14:15
974,KG251Q,Acer,China,96.0,2019-04-24 19:14:15
975,KG251QD,Acer,China,96.0,2019-04-24 19:14:15
976,KG251QF,Acer,China,96.0,2019-04-24 19:14:15
977,KG271,Acer,China,161.0,2019-04-24 19:14:15
978,KD2702NC,KONIC,China,126.0,2019-04-24 19:14:15
979,K272HL,Acer,China,130.0,2019-04-24 19:14:15
980,EB321HQU,Acer,China,131.0,2019-04-24 19:14:15
981,G257HL,Acer,China,95.0,2019-04-24 19:14:15
982,22f Display,HP,China,67.0,2019-04-24 19:14:15
983,"22f Display, 22fw Display",HP,China,67.0,2019-04-24 19:14:15
984,22fw Display,HP,China,67.0,2019-04-24 19:14:15
985,23f Display,HP,China,69.0,2019-04-24 19:14:15
986,"23f Display, 23fw Display",HP,China,69.0,2019-04-24 19:14:15
987,23fw Display,HP,China,69.0,2019-04-24 19:14:15
988,24f Display,HP,China,70.0,2019-04-24 19:14:15
989,"24f Display, 24fw Display, 24fh Display",HP,China,70.0,2019-04-24 19:14:15
990,24fh Display,HP,China,70.0,2019-04-24 19:14:15
991,24fw Display,HP,China,70.0,2019-04-24 19:14:15
992,25f Display,HP,China,67.0,2019-04-24 19:14:15
993,"25f Display, 25fw Display",HP,China,67.0,2019-04-24 19:14:15
994,25fw Display,HP,China,67.0,2019-04-24 19:14:15
995,27f Display,HP,China,81.0,2019-04-24 19:14:15
996,"27f Display, 27fw Display, 27fh Display",HP,China,81.0,2019-04-24 19:14:15
997,27fh Display,HP,China,81.0,2019-04-24 19:14:15
998,27fw Display,HP,China,81.0,2019-04-24 19:14:15
999,B196L,Acer,China,56.0,2019-04-24 19:14:15
1000,B226HQL,Acer,China,110.0,2019-04-24 19:14:15
1001,B246WL,Acer,China,83.0,2019-04-24 19:14:15
1002,B326HUL,Acer,China,188.0,2019-04-24 19:14:15
1003,B346CK,Acer,China,245.0,2019-04-24 19:14:15
1004,ER320HQ,Acer,China,93.0,2019-04-24 19:14:15
1005,G277HL,Acer,China,125.0,2019-04-24 19:14:15
1006,K222HQL,Acer,China,83.3,2019-04-24 19:14:15
1007,XZ271,Acer,China,128.0,2019-04-24 19:14:15
1008,XB281HK,Acer,China,237.0,2019-04-24 19:14:15
1009,XR342CK,Acer,China,245.0,2019-04-24 19:14:15
1010,T272HUL,Acer,China,194.0,2019-04-24 19:14:15
1011,XB241H,Acer,China,154.0,2019-04-24 19:14:15
1012,RT280K,Acer,China,179.0,2019-04-24 19:14:15
1013,KA270H,Acer,China,164.0,2019-04-24 19:14:15
1014,K272HUL,Acer,China,177.0,2019-04-24 19:14:15
1015,K272HUL Abmidp,Acer,China,177.0,2019-04-24 19:14:15
1016,K272HUL bmiidp,Acer,China,177.0,2019-04-24 19:14:15
1017,K272HUL Dbmiidpx,Acer,China,177.0,2019-04-24 19:14:15
1018,XB271HU,Acer,China,163.0,2019-04-24 19:14:15
1019,XR382CQK,Acer,China,223.0,2019-04-24 19:14:15
1020,V276HL,Acer,China,155.0,2019-04-24 19:14:15
1021,XF240H,Acer,China,128.0,2019-04-24 19:14:15
1022,XF270H,Acer,China,145.0,2019-04-24 19:14:15
1023,XF270HU,Acer,China,148.0,2019-04-24 19:14:15
1024,GN246HL,Acer,China,125.0,2019-04-24 19:14:15
1025,BE270U,Acer,China,136.0,2019-04-24 19:14:15
1026,S2319Hc,DELL,China,73.0,2019-04-24 19:14:15
1027,CB241HY,Acer,China,111.0,2019-04-24 19:14:15
1028,S2319Nc,DELL,China,73.0,2019-04-24 19:14:15
1029,BE240Y,Acer,China,79.0,2019-04-24 19:14:15
1030,EB192Q,Acer,China,58.0,2019-04-24 19:14:15
1031,ED245QA,Acer,China,50.0,2019-04-24 19:14:15
1032,KA221Q,Acer,China,77.0,2019-04-24 19:14:15
1033,KA240H,Acer,China,104.0,2019-04-24 19:14:15
1034,KA251Q,Acer,China,94.0,2019-04-24 19:14:15
1035,KA271,Acer,China,107.0,2019-04-24 19:14:15
1036,KG281K,Acer,China,150.0,2019-04-24 19:14:15
1037,XB272,Acer,China,135.0,2019-04-24 19:14:15
1038,XB240H,Acer,China,165.0,2019-04-24 19:14:15
1039,XB241YU,Acer,China,110.0,2019-04-24 19:14:15
1040,V226HQL,Acer,China,99.0,2019-04-24 19:14:15
1041,B206WQL,Acer,China,76.0,2019-04-24 19:14:15
1042,R231,Acer,China,81.0,2019-04-24 19:14:15
1043,R271,Acer,China,79.0,2019-04-24 19:14:15
1044,ED347CKR,Acer,China,158.0,2019-04-24 19:14:15
1045,V206WQL,Acer,China,76.0,2019-04-24 19:14:15
1046,V176L,Acer,China,54.0,2019-04-24 19:14:15
1047,GN276HL,Acer,China,133.0,2019-04-24 19:14:15
1048,22MK430H,LG,"Indonesia,South Korea,China",80.0,2019-04-24 19:14:15
1049,KA240HY,Acer,China,76.0,2019-04-24 19:14:15
1050,R251,Acer,China,92.0,2019-04-24 19:14:15
1051,Z271,Acer,China,134.0,2019-04-24 19:14:15
1052,RT270,Acer,China,79.0,2019-04-24 19:14:15
1053,XB270H,Acer,China,176.0,2019-04-24 19:14:15
1054,XB280HK,Acer,China,225.0,2019-04-24 19:14:15
1055,E1900HQ,Acer,China,46.0,2019-04-24 19:14:15
1056,Optix MPG27C,MSI,China,115.0,2019-04-24 19:14:15
1057,276E9Q,PHILIPS,China,93.0,2019-04-24 19:14:15
1058,S2419Hc,DELL,China,67.0,2019-04-24 19:14:15
1059,S2419Nc,DELL,China,67.0,2019-04-24 19:14:15
1060,S2719Hc,DELL,China,81.0,2019-04-24 19:14:15
1061,S2719Nc,DELL,China,81.0,2019-04-24 19:14:15
1062,VS17067,ViewSonic,China,78.0,2019-04-24 19:14:15
1063,24MK430H,LG,"Indonesia,South Korea,China",82.0,2019-04-24 19:14:15
1064,27UK850,LG,"Indonesia,South Korea,China",145.0,2019-04-24 19:14:15
1065,29WK500,LG,"Indonesia,South Korea,China",84.0,2019-04-24 19:14:15
1066,34WK500,LG,"Indonesia,South Korea,China",122.0,2019-04-24 19:14:15
1067,34WK650,LG,"South Korea,Indonesia,China",129.0,2019-04-24 19:14:15
1068,38WK95C,LG,"South Korea,Indonesia,China",216.0,2019-04-24 19:14:15
1069,E243d,HP,China,104.0,2019-04-24 19:14:15
1070,325C7Q,PHILIPS,China,100.0,2019-04-24 19:14:15
1071,27UK600,LG,"Indonesia,South Korea,China",134.0,2019-04-24 19:14:15
1072,29WK600,LG,"Indonesia,South Korea,China",85.0,2019-04-24 19:14:15
1073,VS17287,ViewSonic,China,71.0,2019-04-24 19:14:15
1074,P24-9T,FUJITSU,Germany,68.0,2019-04-24 19:14:15
1075,Optix G24C,MSI,China,88.0,2019-04-24 19:14:15
1076,27q,HP,China,108.0,2019-04-24 19:14:15
1077,"27q, 27qb",HP,China,108.0,2019-04-24 19:14:15
1078,27qb,HP,China,108.0,2019-04-24 19:14:15
1079,272B8Q,PHILIPS,China,106.0,2019-04-24 19:14:15
1080,P2718EC,Google,China,106.0,2019-04-24 19:14:15
1081,JN32A,Google,China,185.0,2019-04-24 19:14:15
1082,KALED35UW144FL*,KOGAN,China,138.0,2019-04-24 19:14:15
1083,KALED35UW144FLA,KOGAN,China,138.0,2019-04-24 19:14:15
1084,KALED35UW144FLB,KOGAN,China,138.0,2019-04-24 19:14:15
1085,KALED35UW144FLC,KOGAN,China,138.0,2019-04-24 19:14:15
1086,KALED35UW144FLD,KOGAN,China,138.0,2019-04-24 19:14:15
1087,KALED35UW144FLE,KOGAN,China,138.0,2019-04-24 19:14:15
1088,KALED35UWL*,KOGAN,Germany,118.0,2019-04-24 19:14:15
1089,KALED35UWLA,KOGAN,Germany,118.0,2019-04-24 19:14:15
1090,KALED35UWLB,KOGAN,Germany,118.0,2019-04-24 19:14:15
1091,KALED35UWLC,KOGAN,Germany,118.0,2019-04-24 19:14:15
1092,KALED35UWLD,KOGAN,Germany,118.0,2019-04-24 19:14:15
1093,KALED35UWLE,KOGAN,Germany,118.0,2019-04-24 19:14:15
1094,Optix MPG27CQ,MSI,China,225.0,2019-04-24 19:14:15
1095,Optix MPG27CQ2,MSI,China,225.0,2019-04-24 19:14:15
1096,"Optix MPG27CQ, Optix MPG27CQ2",MSI,China,225.0,2019-04-24 19:14:15
1097,328E9F,PHILIPS,China,205.0,2019-04-24 19:14:15
1098,27y,HP,China,66.0,2019-04-24 19:14:15
1099,HP 27y  27-inch Display,HP,China,66.0,2019-04-24 19:14:15
1100,HP 27y Display,HP,China,66.0,2019-04-24 19:14:15
1101,HP V270 27-inch Monitor,HP,China,66.0,2019-04-24 19:14:15
1102,HP V270 Monitor,HP,China,66.0,2019-04-24 19:14:15
1103,HSTND-9831-V,HP,China,66.0,2019-04-24 19:14:15
1104,V270,HP,China,66.0,2019-04-24 19:14:15
1105,LC49J890DKEXXY,SAMSUNG ELECTRONICS,South Korea,226.0,2019-04-24 19:14:15
1106,250LM00007,AOC,China,82.0,2019-04-24 19:14:15
1107,27B1,AOC,China,82.0,2019-04-24 19:14:15
1108,271S8Q,PHILIPS,China,92.0,2019-04-24 19:14:15
1109,246E9Q,PHILIPS,China,86.0,2019-04-24 19:14:15
1110,P2419Hc,DELL,China,75.0,2019-04-24 19:14:15
1111,A16215FT0,Lenovo,China,70.0,2019-04-24 19:14:15
1112,GW2280,BenQ,China,66.0,2019-04-24 19:14:15
1113,GW2280-B,BenQ,China,66.0,2019-04-24 19:14:15
1114,GW2280E,BenQ,China,66.0,2019-04-24 19:14:15
1115,P2219H,DELL,China,71.0,2019-04-24 19:14:15
1116,P2419H,DELL,China,75.0,2019-04-24 19:14:15
1117,Optix AG32C,MSI,China,159.0,2019-04-24 19:14:15
1118,Optix AG32CQ,MSI,China,168.0,2019-04-24 19:14:15
1119,HSTND-9101-A,HP,China,57.0,2019-04-24 19:14:15
1120,V214b,HP,China,57.0,2019-04-24 19:14:15
1121,"V214b, HSTND-9101-A",HP,China,57.0,2019-04-24 19:14:15
1122,Optix MAG27CQ,MSI,China,134.0,2019-04-24 19:14:15
1123,P2319Ht,DELL,China,55.0,2019-04-24 19:14:15
1124,A18270FT0,Lenovo,China,80.0,2019-04-24 19:14:15
1125,328B6Q,PHILIPS,China,205.0,2019-04-24 19:14:15
1126,HP N223v Monitor,HP,China,49.0,2019-04-24 19:14:15
1127,HSD-0003-V,HP,China,49.0,2019-04-24 19:14:15
1128,N223v,HP,China,49.0,2019-04-24 19:14:15
1129,D18225WS0,Lenovo,China,57.0,2019-04-24 19:14:15
1130,"D18225WS0, D18225WS1",Lenovo,China,57.0,2019-04-24 19:14:15
1131,D18225WS1,Lenovo,China,57.0,2019-04-24 19:14:15
1132,D18225WT0,Lenovo,China,57.0,2019-04-24 19:14:15
1133,U2414Hb,DELL,China,63.0,2019-04-24 19:14:15
1134,HP N223 Monitor,HP,China,49.0,2019-04-24 19:14:15
1135,HSD-0004-V,HP,China,49.0,2019-04-24 19:14:15
1136,N223,HP,China,49.0,2019-04-24 19:14:15
1137,P2219HC,DELL,China,71.0,2019-04-24 19:14:15
1138,P2419HC,DELL,China,71.0,2019-04-24 19:14:15
1139,P2719H,DELL,China,54.0,2019-04-24 19:14:15
1140,P2719Ht,DELL,China,54.0,2019-04-24 19:14:15
1141,"P2719Ht,P2719H",DELL,China,54.0,2019-04-24 19:14:15
1142,271B8Q,PHILIPS,China,87.0,2019-04-24 19:14:15
1143,A18270FL0,Lenovo,China,85.0,2019-04-24 19:14:15
1144,A18270FS0,Lenovo,China,85.0,2019-04-24 19:14:15
1145,"A18270FS0, A18270FL0",Lenovo,China,85.0,2019-04-24 19:14:15
1146,221S8L,PHILIPS,China,67.0,2019-04-24 19:14:15
1147,278E9Q,PHILIPS,China,144.0,2019-04-24 19:14:15
1148,1503M,Astivita,China,141.0,2019-04-24 19:14:15
1149,H3201,Astivita,China,141.0,2019-04-24 19:14:15
1150,H3201DP,Astivita,China,141.0,2019-04-24 19:14:15
1151,"H3201DP, H3201, H320T, H320F, H320Q, MU320K10, MU320K12, MU320K15, 1503M, HP1852",Astivita,China,141.0,2019-04-24 19:14:15
1152,H320F,Astivita,China,141.0,2019-04-24 19:14:15
1153,H320Q,Astivita,China,141.0,2019-04-24 19:14:15
1154,H320T,Astivita,China,141.0,2019-04-24 19:14:15
1155,HP1852,Astivita,China,141.0,2019-04-24 19:14:15
1156,MU320K10,Astivita,China,141.0,2019-04-24 19:14:15
1157,MU320K12,Astivita,China,141.0,2019-04-24 19:14:15
1158,MU320K15,Astivita,China,141.0,2019-04-24 19:14:15
1159,P2319H,DELL,China,55.0,2019-04-24 19:14:15
1160,226E9Q,PHILIPS,China,84.0,2019-04-24 19:14:15
1161,243E9Q,PHILIPS,China,93.0,2019-04-24 19:14:15
1162,27UD59P,LG,"China,Indonesia,South Korea",108.0,2019-04-24 19:14:15
1163,24MK400H,LG,"South Korea,Indonesia,China",80.0,2019-04-24 19:14:15
1164,P2719HC,DELL,Taiwan,60.0,2019-04-24 19:14:15
1165,LC34J791WTEXXY,SAMSUNG ELECTRONICS,South Korea,237.0,2019-04-24 19:14:15
1166,220B4L,PHILIPS,China,74.0,2019-04-24 19:14:15
1167,220S4L,PHILIPS,China,73.0,2019-04-24 19:14:15
1168,241B4L,PHILIPS,China,106.0,2019-04-24 19:14:15
1169,246V5L,PHILIPS,China,92.0,2019-04-24 19:14:15
1170,24B1,AOC,China,88.0,2019-04-24 19:14:15
1171,27xq,HP,China,157.0,2019-04-24 19:14:15
1172,A18238FS0,Lenovo,China,71.0,2019-04-24 19:14:15
1173,A18215FS1,Lenovo,China,61.0,2019-04-24 19:14:15
1174,25x,HP,China,90.0,2019-04-24 19:14:15
1175,27x,HP,China,114.0,2019-04-24 19:14:15
1176,A18215FL0,Lenovo,China,66.0,2019-04-24 19:14:15
1177,3EA21,MSI,China,97.0,2019-04-24 19:14:15
1178,Optix MAG241C,MSI,China,97.0,2019-04-24 19:14:15
1179,"Optix MAG241C, 3EA21",MSI,China,97.0,2019-04-24 19:14:15
1180,3FA61,MSI,China,129.0,2019-04-24 19:14:15
1181,Optix MAG271C,MSI,China,129.0,2019-04-24 19:14:15
1182,"Optix MAG271C, 3FA61",MSI,China,129.0,2019-04-24 19:14:15
1183,328E9Q,PHILIPS,China,136.0,2019-04-24 19:14:15
1184,VS17495,ViewSonic,China,24.0,2019-04-24 19:14:15
1185,A18236***,Lenovo,Italy,75.0,2019-04-24 19:14:15
1186,A18236FD0,Lenovo,Italy,75.0,2019-04-24 19:14:15
1187,A18236FD1,Lenovo,Italy,75.0,2019-04-24 19:14:15
1188,A18238FL0,Lenovo,China,96.0,2019-04-24 19:14:15
1189,238LM00023,AOC,China,68.0,2019-04-24 19:14:15
1190,238LM00024,AOC,China,70.0,2019-04-24 19:14:15
1191,270LM00042,AOC,China,80.0,2019-04-24 19:14:15
1192,270LM00043,AOC,China,81.0,2019-04-24 19:14:15
1193,22MK400H,LG,"South Korea,China,Indonesia",73.0,2019-04-24 19:14:15
1194,24MK600M,LG,"South Korea,Indonesia,China",57.0,2019-04-24 19:14:15
1195,27MK600M,LG,"South Korea,Indonesia,China",83.0,2019-04-24 19:14:15
1196,24E1,AOC,China,66.0,2019-04-24 19:14:15
1197,24P1,AOC,China,78.0,2019-04-24 19:14:15
1198,Q27P1,AOC,China,110.0,2019-04-24 19:14:15
1199,27P1,AOC,China,86.0,2019-04-24 19:14:15
1200,22B1,AOC,China,80.0,2019-04-24 19:14:15
1201,22P1,AOC,China,65.0,2019-04-24 19:14:15
1202,27E1,AOC,Germany,99.0,2019-04-24 19:14:15
1203,D18215FD0,Lenovo,China,49.0,2019-04-24 19:14:15
1204,"D18215FD0, D18215FD1",Lenovo,China,49.0,2019-04-24 19:14:15
1205,D18215FD1,Lenovo,China,49.0,2019-04-24 19:14:15
1206,V220 (HSD-0014-W),HP,China,64.0,2019-04-24 19:14:15
1207,22V2,AOC,China,62.0,2019-04-24 19:14:15
1208,27V2,AOC,China,81.0,2019-04-24 19:14:15
1209,24V2,AOC,China,67.0,2019-04-24 19:14:15
1210,KAMN24FLSA,KOGAN,China,103.0,2019-04-24 19:14:15
1211,A18238FL0,Lenovo,China,77.0,2019-04-24 19:14:15
1212,U2419H,DELL,China,46.0,2019-04-24 19:14:15
1213,"U2419H,U2419HX,U2419H WOST",DELL,China,46.0,2019-04-24 19:14:15
1214,U2419H WOST,DELL,China,46.0,2019-04-24 19:14:15
1215,U2419HX,DELL,China,46.0,2019-04-24 19:14:15
1216,U2419HC,DELL,China,52.0,2019-04-24 19:14:15
1217,S2419HGF,DELL,China,109.0,2019-04-24 19:14:15
1218,LC27JG50QQEXXY,SAMSUNG ELECTRONICS,South Korea,162.0,2019-04-24 19:14:15
1219,S2719DGF,DELL,China,144.0,2019-04-24 19:14:15
1220,LC32JG50QQEXXY,SAMSUNG ELECTRONICS,South Korea,166.0,2019-04-24 19:14:15
1221,LC32JG54QQEXXY,SAMSUNG ELECTRONICS,South Korea,166.0,2019-04-24 19:14:15
1222,LC32JGXXXX,SAMSUNG ELECTRONICS,South Korea,166.0,2019-04-24 19:14:15
1223,34WK95U,LG,"South Korea,Indonesia,China",220.0,2019-04-24 19:14:15
1224,MUDV5561Y-34580-SDI,Baas & Kuhn,China,377.0,2019-04-24 19:14:15
1225,32GK650F,LG,"Indonesia,South Korea,China",141.0,2019-04-24 19:14:15
1226,3FA65,MSI,China,129.0,2019-04-24 19:14:15
1227,Optix MAG271CR,MSI,China,129.0,2019-04-24 19:14:15
1228,"Optix MAG271CR , 3FA65",MSI,China,129.0,2019-04-24 19:14:15
1229,3EA25,MSI,China,97.0,2019-04-24 19:14:15
1230,Optix MAG241CR,MSI,China,97.0,2019-04-24 19:14:15
1231,"Optix MAG241CR, 3EA25",MSI,China,97.0,2019-04-24 19:14:15
1232,9E1,AOC,China,39.0,2019-04-24 19:14:15
1233,20E1,AOC,China,51.0,2019-04-24 19:14:15
1234,22E1,AOC,China,57.0,2019-04-24 19:14:15
1235,24G1,AOC,China,78.0,2019-04-24 19:14:15
1236,27G1,AOC,China,107.0,2019-04-24 19:14:15
1237,X340,Aftershock,Australia,155.0,2019-04-24 19:14:15
1238,GL2460BE,BenQ,China,75.0,2019-04-24 19:14:15
1239,GL2460BH,BenQ,China,75.0,2019-04-24 19:14:15
1240,"GL2460BH, GL2460BE",BenQ,China,75.0,2019-04-24 19:14:15
1241,X315 PRO,Aftershock,Australia,143.0,2019-04-24 19:14:15
1242,X240,Aftershock,Australia,99.0,2019-04-24 19:14:15
1243,LC43J890DKEXXY,SAMSUNG ELECTRONICS,South Korea,211.0,2019-04-24 19:14:15
1244,MHDV4040Y-0V560-SDI,Baas & Kuhn,China,193.0,2019-04-24 19:14:15
1245,270LM00043,AOC,China,143.0,2019-04-24 19:14:15
1246,PB247***,ASUS,China,50.0,2019-04-24 19:14:15
1247,PB247Q,ASUS,China,50.0,2019-04-24 19:14:15
1248,PB247Q-P,ASUS,China,50.0,2019-04-24 19:14:15
1249,PB247QR,ASUS,China,50.0,2019-04-24 19:14:15
1250,VA326***,ASUS,China,164.0,2019-04-24 19:14:15
1251,VA326H,ASUS,China,164.0,2019-04-24 19:14:15
1252,VA326H-J,ASUS,China,164.0,2019-04-24 19:14:15
1253,VA326N,ASUS,China,164.0,2019-04-24 19:14:15
1254,PG258***,ASUS,China,102.0,2019-04-24 19:14:15
1255,PG258Q,ASUS,China,102.0,2019-04-24 19:14:15
1256,PG258Q-J,ASUS,China,102.0,2019-04-24 19:14:15
1257,PG258QR,ASUS,China,102.0,2019-04-24 19:14:15
1258,34GK950G,LG,"South Korea,Indonesia,China",280.0,2019-04-24 19:14:15
1259,VN279***,ASUS,China,114.0,2019-04-24 19:14:15
1260,VN279Q,ASUS,China,114.0,2019-04-24 19:14:15
1261,VN279Q-J,ASUS,China,114.0,2019-04-24 19:14:15
1262,VN279QL,ASUS,China,114.0,2019-04-24 19:14:15
1263,VN279Q-P,ASUS,China,114.0,2019-04-24 19:14:15
1264,VN279Q-W,ASUS,China,114.0,2019-04-24 19:14:15
1265,VG245***,ASUS,China,78.0,2019-04-24 19:14:15
1266,VG245H,ASUS,China,78.0,2019-04-24 19:14:15
1267,VG245HE,ASUS,China,78.0,2019-04-24 19:14:15
1268,VG245H-P,ASUS,China,78.0,2019-04-24 19:14:15
1269,VG245Q,ASUS,China,78.0,2019-04-24 19:14:15
1270,VG245QE,ASUS,China,78.0,2019-04-24 19:14:15
1271,VG245Q-P,ASUS,China,78.0,2019-04-24 19:14:15
1272,KAMN341FQUL*,KOGAN,China,155.0,2019-04-24 19:14:15
1273,KAMN341FQULA,KOGAN,China,155.0,2019-04-24 19:14:15
1274,KAMN341FQULB,KOGAN,China,155.0,2019-04-24 19:14:15
1275,KAMN341FQULC,KOGAN,China,155.0,2019-04-24 19:14:15
1276,KAMN341FQULD,KOGAN,China,155.0,2019-04-24 19:14:15
1277,LT1913pA,lenovo,China,64.0,2019-04-24 19:14:15
1278,LT3053pwA,lenovo,China,227.0,2019-04-24 19:14:15
1279,HSTND-3481-A,hp,China,76.0,2019-04-24 19:14:15
1280,LV2011,hp,China,76.0,2019-04-24 19:14:15
1281,"LV2011, HSTND-3481-A",hp,China,76.0,2019-04-24 19:14:15
1282,HSTND-3491-A,hp,China,78.0,2019-04-24 19:14:15
1283,W2072a,hp,China,78.0,2019-04-24 19:14:15
1284,"W2072a, HSTND-3491-A",hp,China,78.0,2019-04-24 19:14:15
1285,195LM00003,AOC,China,66.0,2019-04-24 19:14:15
1286,27B1,AOC,China,105.0,2019-04-24 19:14:15
1287,SE2419H,DELL,China,57.0,2019-04-24 19:14:15
1288,"SE2419H, SE2419HX",DELL,China,57.0,2019-04-24 19:14:15
1289,SE2419HX,DELL,China,57.0,2019-04-24 19:14:15
1290,SE2719H,DELL,China,67.0,2019-04-24 19:14:15
1291,"SE2719H, SE2719HX",DELL,China,67.0,2019-04-24 19:14:15
1292,SE2719HX,DELL,China,67.0,2019-04-24 19:14:15
1293,PL3518MC,Polaroid,China,118.0,2019-04-24 19:14:15
1294,N220h,HP,China,67.0,2019-04-24 19:14:15
1295,LC32JG51FDEXXY,SAMSUNG ELECTRONICS,South Korea,111.0,2019-04-24 19:14:15
1296,LS34J550WQEXXY,SAMSUNG ELECTRONICS,South Korea,129.0,2019-04-24 19:14:15
1297,XG27V***,ASUS,China,124.0,2019-04-24 19:14:15
1298,XG27VQ,ASUS,China,124.0,2019-04-24 19:14:15
1299,XG27VQE,ASUS,China,124.0,2019-04-24 19:14:15
1300,XG27VQ-J,ASUS,China,124.0,2019-04-24 19:14:15
1301,226V4L,PHILIPS,China,105.0,2019-04-24 19:14:15
1302,223V5L,PHILIPS,China,94.0,2019-04-24 19:14:15
1303,273V5L,PHILIPS,China,106.0,2019-04-24 19:14:15
1304,190LM00014,AOC,China,70.0,2019-04-24 19:14:15
1305,240LM00010,AOC,China,90.0,2019-04-24 19:14:15
1306,236LM00006,AOC,China,85.0,2019-04-24 19:14:15
1307,195LM00001,AOC,China,51.0,2019-04-24 19:14:15
1308,243V5L,PHILIPS,China,94.0,2019-04-24 19:14:15
1309,200V4L,PHILIPS,China,85.0,2019-04-24 19:14:15
1310,HSTND-3431-A,hp,China,74.0,2019-04-24 19:14:15
1311,L6017tm,hp,China,74.0,2019-04-24 19:14:15
1312,"L6017tm, HSTND-3431-A",hp,China,74.0,2019-04-24 19:14:15
1313,P2219H,DELL,China,59.0,2019-04-24 19:14:15
1314,HJ3218W01,KOGAN,China,139.0,2019-04-24 19:14:15
1315,KAMN32UHDMA,KOGAN,China,139.0,2019-04-24 19:14:15
1316,KAMN32UHDMB,KOGAN,China,139.0,2019-04-24 19:14:15
1317,KAMN32UHDMC,KOGAN,China,139.0,2019-04-24 19:14:15
1318,HSTND-3451-A,hp,China,32.0,2019-04-24 19:14:15
1319,L6010,hp,China,32.0,2019-04-24 19:14:15
1320,"L6010, HSTND-3451-A",hp,China,32.0,2019-04-24 19:14:15
1321,HSTND-3441-A,hp,China,60.0,2019-04-24 19:14:15
1322,L6015tm,hp,China,60.0,2019-04-24 19:14:15
1323,"L6015tm, HSTND-3441-A",hp,China,60.0,2019-04-24 19:14:15
1324,P2219HC,DELL,China,60.0,2019-04-24 19:14:15
1325,P2419H,DELL,China,63.0,2019-04-24 19:14:15
1326,KAMN49F14UHL*,KOGAN,China,223.0,2019-04-24 19:14:15
1327,KAMN49F14UHLA,KOGAN,China,223.0,2019-04-24 19:14:15
1328,KAMN49F14UHLB,KOGAN,China,223.0,2019-04-24 19:14:15
1329,KAMN49F14UHLC,KOGAN,China,223.0,2019-04-24 19:14:15
1330,KAMN49F14UHLD,KOGAN,China,223.0,2019-04-24 19:14:15
1331,SE2219H,DELL,China,55.0,2019-04-24 19:14:15
1332,"SE2219H, SE2219HX",DELL,China,55.0,2019-04-24 19:14:15
1333,SE2219HX,DELL,China,55.0,2019-04-24 19:14:15
1334,P2419HC,DELL,China,62.0,2019-04-24 19:14:15
1335,XL2411,BenQ,China,133.0,2019-04-24 19:14:15
1336,RL2455,BenQ,China,99.0,2019-04-24 19:14:15
1337,RL2455HM,BenQ,China,99.0,2019-04-24 19:14:15
1338,RL2455HME,BenQ,China,99.0,2019-04-24 19:14:15
1339,RL2455S,BenQ,China,99.0,2019-04-24 19:14:15
1340,RL2455T,BenQ,China,99.0,2019-04-24 19:14:15
1341,RL2455TS,BenQ,China,99.0,2019-04-24 19:14:15
1342,BL2410,BenQ,China,95.0,2019-04-24 19:14:15
1343,BL2410PE,BenQ,China,95.0,2019-04-24 19:14:15
1344,BL2410PH,BenQ,China,95.0,2019-04-24 19:14:15
1345,BL2410PT,BenQ,China,95.0,2019-04-24 19:14:15
1346,GW2760HS,BenQ,China,144.0,2019-04-24 19:14:15
1347,GW2760S,BenQ,China,144.0,2019-04-24 19:14:15
1348,GW2760SE,BenQ,China,144.0,2019-04-24 19:14:15
1349,A18270FL1,Lenovo,China,90.0,2019-04-24 19:14:15
1350,Vanguard,GAEMS,China,48.0,2019-04-24 19:14:15
1351,XL2720,BenQ,China,126.0,2019-04-24 19:14:15
1352,C18238FT0,Lenovo,China,52.0,2019-04-24 19:14:15
1353,HP Pavilion 27 FHD,HP,China,71.0,2019-04-24 19:14:15
1354,27m,HP,China,69.0,2019-04-24 19:14:15
1355,HP 27m,HP,China,69.0,2019-04-24 19:14:15
1356,HP 27m 27-inch Display,HP,China,69.0,2019-04-24 19:14:15
1357,HP 27m Display,HP,China,69.0,2019-04-24 19:14:15
1358,HSD-0009-V,HP,China,69.0,2019-04-24 19:14:15
1359,27UD59,LG,"South Korea,Indonesia,China",108.0,2019-04-24 19:14:15
1360,EX241UN,NEC,China,64.0,2019-04-24 19:14:15
1361,EX241UN-BK,NEC,China,64.0,2019-04-24 19:14:15
1362,EX241UN-H-BK,NEC,China,64.0,2019-04-24 19:14:15
1363,HSTND-9271-A,HP,China,65.0,2019-04-24 19:14:15
1364,L7016t,HP,China,65.0,2019-04-24 19:14:15
1365,"L7016t, HSTND-9271-A",HP,China,65.0,2019-04-24 19:14:15
1366,E190i(HSTND-3891-W),HP,China,61.0,2019-04-24 19:14:15
1367,P222c(HSTND-8031-W),HP,China,69.0,2019-04-24 19:14:15
1368,C32V1,AOC,China,162.0,2019-04-24 19:14:15
1369,276E8V,Philips,China,144.0,2019-04-24 19:14:15
1370,24m,HP,China,59.0,2019-04-24 19:14:15
1371,HP 24m,HP,China,59.0,2019-04-24 19:14:15
1372,HP 24m 23.8-inch Display,HP,China,59.0,2019-04-24 19:14:15
1373,HP 24m Display,HP,China,59.0,2019-04-24 19:14:15
1374,HSD-0008-V,HP,China,59.0,2019-04-24 19:14:15
1375,S2240Tb,DELL,China,67.0,2019-04-24 19:14:15
1376,VS17210,ViewSonic,China,99.0,2019-04-24 19:14:15
1377,C18238FT1,Lenovo,China,53.0,2019-04-24 19:14:15
1378,200S4L,PHILIPS,China,82.0,2019-04-24 19:14:15
1379,200LM00010,AOC,China,81.0,2019-04-24 19:14:15
1380,195LM00002,AOC,China,72.0,2019-04-24 19:14:15
1381,215LM00019,AOC,China,101.0,2019-04-24 19:14:15
1382,VA249***,ASUS,China,95.0,2019-04-24 19:14:15
1383,VA249HE,ASUS,China,95.0,2019-04-24 19:14:15
1384,VA249HE-J,ASUS,China,95.0,2019-04-24 19:14:15
1385,VA249NA,ASUS,China,95.0,2019-04-24 19:14:15
1386,VA249NA-J,ASUS,China,95.0,2019-04-24 19:14:15
1387,27UK650,LG,"Indonesia,South Korea,China",135.0,2019-04-24 19:14:15
1388,VS14833,ViewSonic,China,68.0,2019-04-24 19:14:15
1389,KAMN30UWL*,KOGAN,China,105.0,2019-04-24 19:14:15
1390,KAMN30UWLA,KOGAN,China,105.0,2019-04-24 19:14:15
1391,KAMN30UWLB,KOGAN,China,105.0,2019-04-24 19:14:15
1392,KAMN30UWLC,KOGAN,China,105.0,2019-04-24 19:14:15
1393,KAMN30UWLD,KOGAN,China,105.0,2019-04-24 19:14:15
1394,22m,HP,China,51.0,2019-04-24 19:14:15
1395,HP 22m,HP,China,51.0,2019-04-24 19:14:15
1396,HP 22m 21.5-inch Display,HP,China,51.0,2019-04-24 19:14:15
1397,HP 22m Display,HP,China,51.0,2019-04-24 19:14:15
1398,HSD-0007-V,HP,China,51.0,2019-04-24 19:14:15
1399,221B8L,PHILIPS,China,74.0,2019-04-24 19:14:15
1400,221E9,Philips,China,60.0,2019-04-24 19:14:15
1401,271E9,Philips,China,75.0,2019-04-24 19:14:15
1402,241E9,PHILIPS,China,66.0,2019-04-24 19:14:15
1403,32UK550,LG,"China,South Korea,Indonesia",156.0,2019-04-24 19:14:15
1404,27MK430H,LG,"South Korea,Indonesia,China",86.0,2019-04-24 19:14:15
1405,GW2283,BenQ,China,73.0,2019-04-24 19:14:15
1406,GW2283E,BenQ,China,73.0,2019-04-24 19:14:15
1407,"GW2283, GW2283E",BenQ,China,73.0,2019-04-24 19:14:15
1408,KAMN27CQ1L*,KOGAN,China,101.0,2019-04-24 19:14:15
1409,KAMN27CQ1LA,KOGAN,China,101.0,2019-04-24 19:14:15
1410,KAMN27CQ1LB,KOGAN,China,101.0,2019-04-24 19:14:15
1411,KAMN27CQ1LC,KOGAN,China,101.0,2019-04-24 19:14:15
1412,KAMN27CQ1LD,KOGAN,China,101.0,2019-04-24 19:14:15
1413,DY19-7,Fujitsu,China,56.0,2019-04-24 19:14:15
1414,B22W-7,Fujitsu,China,62.0,2019-04-24 19:14:15
1415,LC34H892WJEXXY,SAMSUNG ELECTRONICS,South Korea,207.0,2019-04-24 19:14:15
1416,LS24E45KDSC/XY,SAMSUNG ELECTRONICS,South Korea,100.0,2019-04-24 19:14:15
1417,3KA3,MSI,Taiwan,202.0,2019-04-24 19:14:15
1418,E315Z15-F,JVL,China,138.0,2019-04-24 19:14:15
1419,JVL032MOF001BLK,JVL,China,138.0,2019-04-24 19:14:15
1420,VS17395,ViewSonic,China,93.0,2019-04-24 19:14:15
1421,3FA75,MSI,China,200.0,2019-04-24 19:14:15
1422,Optix MAG271CQR,MSI,China,200.0,2019-04-24 19:14:15
1423,"Optix MAG271CQR, 3FA75",MSI,China,200.0,2019-04-24 19:14:15
1424,185LM00019,AOC,China,59.0,2019-04-24 19:14:15
1425,17S4L,PHILIPS,China,64.0,2019-04-24 19:14:15
1426,GW2280,BenQ,China,71.0,2019-04-24 19:14:15
1427,GW2280-B,BenQ,China,71.0,2019-04-24 19:14:15
1428,GW2280E,BenQ,China,71.0,2019-04-24 19:14:15
1429,32BK50Q,LG,China,95.0,2019-04-24 19:14:15
1430,32QK500,LG,China,95.0,2019-04-24 19:14:15
1431,AS193i,NEC,China,63.0,2019-04-24 19:14:15
1432,EA193Mi,NEC,China,61.0,2019-04-24 19:14:15
1433,EA234WMi,NEC,China,82.0,2019-04-24 19:14:15
1434,E1715Sc,DELL,China,49.0,2019-04-24 19:14:15
1435,HSTND-4001-L,hp,China,93.0,2019-04-24 19:14:15
1436,S231d,hp,China,93.0,2019-04-24 19:14:15
1437,"S231d, HSTND-4001-L",hp,China,93.0,2019-04-24 19:14:15
1438,VS17427,ViewSonic,China,75.0,2019-04-24 19:14:15
1439,VS16495,ViewSonic,China,95.0,2019-04-24 19:14:15
1440,32G1,AOC,China,129.0,2019-04-24 19:14:15
1441,241B8Q,PHILIPS,China,89.0,2019-04-24 19:14:15
1442,273QCG,AOC,China,175.0,2019-04-24 19:14:15
1443,273QCX,AOC,China,144.0,2019-04-24 19:14:15
1444,385LM00002,AOC,China,184.0,2019-04-24 19:14:15
1445,24fw Display with Audio,HP,China,75.0,2019-04-24 19:14:15
1446,AORUS AD27QD,GIGABYTE,China,142.0,2019-04-24 19:14:15
1447,E243p,HP,China,70.0,2019-04-24 19:14:15
1448,24GL600F,LG,"South Korea,Indonesia,China",95.0,2019-04-24 19:14:15
1449,VS17631,ViewSonic,China,145.0,2019-04-24 19:14:15
1450,UM.QV0SA.002,Acer,China,85.0,2019-04-24 19:14:15
1451,UM.QV0SA.004,Acer,China,85.0,2019-04-24 19:14:15
1452,VG240Y,Acer,China,85.0,2019-04-24 19:14:15
1453,KA241,Acer,China,94.0,2019-04-24 19:14:15
1454,ED322Q,Acer,China,168.0,2019-04-24 19:14:15
1455,SA240Y,Acer,China,80.0,2019-04-24 19:14:15
1456,SA270,Acer,China,99.0,2019-04-24 19:14:15
1457,A18236FD2,Lenovo,China,112.0,2019-04-24 19:14:15
1458,KAMN27LSA,Kogan,China,75.0,2019-04-24 19:14:15
1459,27fw Display with Audio,HP,China,76.0,2019-04-24 19:14:15
1460,27UL600,LG,"Indonesia,South Korea,China",114.0,2019-04-24 19:14:15
1461,27UL850,LG,"Indonesia,South Korea,China",135.0,2019-04-24 19:14:15
1462,V247Y,Acer,China,86.0,2019-04-24 19:14:15
1463,V277,Acer,China,62.0,2019-04-24 19:14:15
1464,ET221Q,Acer,China,81.0,2019-04-24 19:14:15
1465,ET241Y,Acer,China,91.0,2019-04-24 19:14:15
1466,ET271,Acer,China,96.0,2019-04-24 19:14:15
1467,UT241Y,Acer,China,87.0,2019-04-24 19:14:15
1468,XZ321Q,Acer,China,164.0,2019-04-24 19:14:15
1469,B247Y,Acer,China,86.0,2019-04-24 19:14:15
1470,278M6Q,PHILIPS,China,143.0,2019-04-24 19:14:15
1471,BL2405HT,BenQ,China,93.0,2019-04-24 19:14:15
1472,GL2450HT,BenQ,China,93.0,2019-04-24 19:14:15
1473,GL2460,BenQ,China,101.0,2019-04-24 19:14:15
1474,GL2460HM,BenQ,China,101.0,2019-04-24 19:14:15
1475,499P9,PHILIPS,China,313.0,2019-04-24 19:14:15
1476,GW2750HM,BenQ,China,122.0,2019-04-24 19:14:15
1477,XL2420TE,BenQ,China,126.0,2019-04-24 19:14:15
1478,XL2420Z,BenQ,China,126.0,2019-04-24 19:14:15
1479,XL2420ZE,BenQ,China,126.0,2019-04-24 19:14:15
1480,24y,HP,China,59.0,2019-04-24 19:14:15
1481,HP 24y Display,HP,China,59.0,2019-04-24 19:14:15
1482,HP N246v Monitor,HP,China,59.0,2019-04-24 19:14:15
1483,HP P241v Monitor,HP,China,59.0,2019-04-24 19:14:15
1484,HSTND-9751-V,HP,China,59.0,2019-04-24 19:14:15
1485,N246v,HP,China,59.0,2019-04-24 19:14:15
1486,P241v,HP,China,59.0,2019-04-24 19:14:15
1487,C34SW,TITAN ARMY,China,155.0,2019-04-24 19:14:15
1488,LU32R59,SAMSUNG ELECTRONICS,South Korea,177.0,2019-04-24 19:14:15
1489,LU32R590CWEXXY,SAMSUNG ELECTRONICS,South Korea,177.0,2019-04-24 19:14:15
1490,LU32R592CWEXXY,SAMSUNG ELECTRONICS,South Korea,177.0,2019-04-24 19:14:15
1491,P244 (HSD-0025-W),HP,China,56.0,2019-04-24 19:14:15
1492,P224,HP,China,57.0,2019-04-24 19:14:15
1493,243S5L,PHILIPS,China,82.0,2019-04-24 19:14:15
1494,P174,HP,China,34.0,2019-04-24 19:14:15
1495,VS17557,ViewSonic,China,84.0,2019-04-24 19:14:15
1496,P204v,HP,China,47.0,2019-04-24 19:14:15
1497,P204,HP,China,39.0,2019-04-24 19:14:15
1498,KALED27MONQP*,KOGAN,China,119.0,2019-04-24 19:14:15
1499,KALED27MONQPB,KOGAN,China,119.0,2019-04-24 19:14:15
1500,KALED27MONQPC,KOGAN,China,119.0,2019-04-24 19:14:15
1501,VG271P,Acer,China,109.0,2019-04-24 19:14:15
1502,VG271U,Acer,China,160.0,2019-04-24 19:14:15
1503,KAMN24F1CL*,KOGAN,Australia,103.0,2019-04-24 19:14:15
1504,KAMN24F1CLA,KOGAN,Australia,103.0,2019-04-24 19:14:15
1505,KAMN24F1CLB,KOGAN,Australia,103.0,2019-04-24 19:14:15
1506,KAMN24F1CLC,KOGAN,Australia,103.0,2019-04-24 19:14:15
1507,KAMN24F1CLD,KOGAN,Australia,103.0,2019-04-24 19:14:15
1508,LC24RG50FQEXXY,SAMSUNG ELECTRONICS,China,122.0,2019-04-24 19:14:15
1509,270LM00031,AOC,China,184.0,2019-04-24 19:14:15
1510,32BK50Q,LG,China,117.0,2019-04-24 19:14:15
1511,32QK500,LG,China,117.0,2019-04-24 19:14:15
1512,"32QK500, 32BK50Q",LG,China,117.0,2019-04-24 19:14:15
1513,E223d,HP,China,75.0,2019-04-24 19:14:15
1514,19MB35PE,LG,"Indonesia,South Korea,China",60.0,2019-04-24 19:14:15
1515,32ML600M,LG,"Indonesia,South Korea,China",116.0,2019-04-24 19:14:15
1516,UM.CX0SA.A01,Acer,China,257.0,2019-04-24 19:14:15
1517,UM.CX0SA.P01,Acer,China,257.0,2019-04-24 19:14:15
1518,UM.CX0SA.P02,Acer,China,257.0,2019-04-24 19:14:15
1519,UM.CX1SA.002,Acer,China,257.0,2019-04-24 19:14:15
1520,UM.CX1SG.002,Acer,China,257.0,2019-04-24 19:14:15
1521,X34,Acer,China,257.0,2019-04-24 19:14:15
1522,252B9,PHILIPS,China,96.0,2019-04-24 19:14:15
1523,KD27810GC,KONKA,China,107.0,2019-04-24 19:14:15
1524,OMEN X 25,HP,China,98.0,2019-04-24 19:14:15
1525,OMEN X 25f,HP,China,83.0,2019-04-24 19:14:15
1526,KD32908GC,KONKA,China,182.0,2019-04-24 19:14:15
1527,EI491CR,Acer,China,223.0,2019-04-24 19:14:15
1528,UM.SE1SA.P01,Acer,China,223.0,2019-04-24 19:14:15
1529,288P6L,PHILIPS,China,244.0,2019-04-24 19:14:15
1530,G2868,AOC,China,150.0,2019-04-24 19:14:15
1531,VS15826,ViewSonic,China,46.0,2019-04-24 19:14:15
1532,3EA36,MSI,China,110.0,2019-04-24 19:14:15
1533,Oculux NXG252R,MSI,China,110.0,2019-04-24 19:14:15
1534,"Oculux NXG252R, 3EA36",MSI,China,110.0,2019-04-24 19:14:15
1535,LC49RG90SSEXXY,SAMSUNG ELECTRONICS,South Korea,368.0,2019-04-24 19:14:15
1536,271E1C,PHILIPS,China,112.0,2019-04-24 19:14:15
1537,"271E1C,271E1SC",PHILIPS,China,112.0,2019-04-24 19:14:15
1538,271E1SC,PHILIPS,China,112.0,2019-04-24 19:14:15
1539,170S9,PHILIPS,China,49.0,2019-04-24 19:14:15
1540,24ML600M,LG,"Indonesia,South Korea,China",57.0,2019-04-24 19:14:15
1541,3DA2,MSI,Taiwan,219.0,2019-04-24 19:14:15
1542,27ML600M,LG,"Indonesia,South Korea,China",71.0,2019-04-24 19:14:15
1543,27UL500,LG,"Indonesia,South Korea,China",129.0,2019-04-24 19:14:15
1544,E273d,HP,China,103.0,2019-04-24 19:14:15
1545,XL2430,BenQ,China,118.0,2019-04-24 19:14:15
1546,XV272UP,Acer,China,150.0,2019-04-24 19:14:15
1547,LC27R500FHEXXY,SAMSUNG,China,126.0,2019-04-24 19:14:15
1548,VS17484,ViewSonic,China,95.0,2019-04-24 19:14:15
1549,27UL650,LG,"Indonesia,South Korea,China",114.0,2019-04-24 19:14:15
1550,CB271HU,Acer,China,146.0,2019-04-24 19:14:15
1551,B246HYL,Acer,China,111.0,2019-04-24 19:14:15
1552,XV273KP,Acer,China,207.0,2019-04-24 19:14:15
1553,27f 4k Display,HP,China,115.0,2019-04-24 19:14:15
1554,34f Curved Display,HP,China,174.0,2019-04-24 19:14:15
1555,KG271UA,Acer,China,122.0,2019-04-24 19:14:15
1556,ED322QR,Acer,China,136.0,2019-04-24 19:14:15
1557,24MD4KL,LG,"South Korea,Indonesia,China",150.0,2019-04-24 19:14:15
1558,272M7C,PHILIPS,China,104.0,2019-04-24 19:14:15
1559,322M7C,PHILIPS,China,121.0,2019-04-24 19:14:15
1560,VZ2350,BenQ,China,76.0,2019-04-24 19:14:15
1561,VZ2350HM,BenQ,China,76.0,2019-04-24 19:14:15
1562,"VZ2350, VZ2350HM",BenQ,China,76.0,2019-04-24 19:14:15
1563,KAMN27F75QA,Kogan,China,100.0,2019-04-24 19:14:15
1564,22MB35PUH,LG,"Indonesia,South Korea,China",80.0,2019-04-24 19:14:15
1565,A19270QY0,Lenovo,China,225.0,2019-04-24 19:14:15
1566,DY24W-7,FUJITSU,Germany,72.0,2019-04-24 19:14:15
1567,3MA0,MSI,Taiwan,213.0,2019-04-24 19:14:15
1568,A19270QY1,Lenovo,China,174.0,2019-04-24 19:14:15
1569,326E8F,PHILIPS,China,159.0,2019-04-24 19:14:15
