Lamp_id,Model_No,Brand,Country,Power,Update_time
0,ecobulb 15W B22 HPF 2700K,ecobulb,China,15.0,2019-04-24 19:32:24
1,ecobulb 20W B22 HPF 2700K,ecobulb,China,20.0,2019-04-24 19:32:24
2,ecobulb 15W B15 HPF 2700K,ecobulb,China,15.0,2019-04-24 19:32:24
3,ecobulb 15W E14 HPF 2700K,ecobulb,China,15.0,2019-04-24 19:32:24
4,Ecobulb 12V 15W 2700K,ecobulb,China,15.0,2019-04-24 19:32:24
5,Ecobulb 12V 15W 2700K,ecobulb,China,15.0,2019-04-24 19:32:24
6,Ecobulb 12V 15W 2700K,ecobulb,China,15.0,2019-04-24 19:32:24
7,12W ECOBULB B15 HPF 2700K,ecobulb,China,12.0,2019-04-24 19:32:24
8,12W ECOBULB B22 HPF 2700K,ecobulb,China,12.0,2019-04-24 19:32:24
9,12W ECOBULB E14 HPF 2700K,ecobulb,China,12.0,2019-04-24 19:32:24
10,12W ECOBULB E27 HPF 2700K,ecobulb,China,12.0,2019-04-24 19:32:24
11,12W ECOBULB HPF 2700K,ecobulb,China,12.0,2019-04-24 19:32:24
12,CFR-80/15WES 3000K,CROMPTON,China,15.0,2019-04-24 19:32:24
13,CTT9WBCW,CROMPTON,China,9.0,2019-04-24 19:32:24
14,CTT9WESW,CROMPTON,China,9.0,2019-04-24 19:32:24
15,CTT9WW,CROMPTON,China,9.0,2019-04-24 19:32:24
16,CTT13WBCW,CROMPTON,China,13.0,2019-04-24 19:32:24
17,CTT13WESW,CROMPTON,China,13.0,2019-04-24 19:32:24
18,CTT13WW,CROMPTON,China,13.0,2019-04-24 19:32:24
19,CTT9WBCC,CROMPTON,China,9.0,2019-04-24 19:32:24
20,CTT9WC,CROMPTON,China,9.0,2019-04-24 19:32:24
21,CTT9WESC,CROMPTON,China,9.0,2019-04-24 19:32:24
22,CTT13WBCC,CROMPTON,China,13.0,2019-04-24 19:32:24
23,CTT13WC,CROMPTON,China,13.0,2019-04-24 19:32:24
24,CTT13WESC,CROMPTON,China,13.0,2019-04-24 19:32:24
25,Ecobulb 12V 15W 2700K,ecobulb,China,15.0,2019-04-24 19:32:24
26,ecobulb 15W E27 HPF  2700K,ecobulb,China,15.0,2019-04-24 19:32:24
27,Ecobulb 20W E27 HPF  2700K ,ecobulb,China,20.0,2019-04-24 19:32:24
28,Duluxstar Mini Twist 8W/827,OSRAM,China,8.0,2019-04-24 19:32:24
29,Duluxstar Mini Twist 8W/827 B15D,OSRAM,China,8.0,2019-04-24 19:32:24
30,Duluxstar Mini Twist 8W/827 B22D,OSRAM,China,8.0,2019-04-24 19:32:24
31,Duluxstar Mini Twist 8W/827 E14,OSRAM,China,8.0,2019-04-24 19:32:24
32,Duluxstar Mini Twist 8W/827 E27,OSRAM,China,8.0,2019-04-24 19:32:24
33,Dulustar Mini Twist 8W/840,OSRAM,China,8.0,2019-04-24 19:32:24
34,Duluxstar Mini Twist 8W/840 B22d,OSRAM,China,8.0,2019-04-24 19:32:24
35,Duluxstar Mini Twist 8W/840 E27,OSRAM,China,8.0,2019-04-24 19:32:24
36,Duluxstar Mini Twist 8W/865,OSRAM,China,8.0,2019-04-24 19:32:24
37,Duluxstar Mini Twist 8W/865 B22d,OSRAM,China,8.0,2019-04-24 19:32:24
38,Duluxstar Mini Twist 8W/865 E27,OSRAM,China,8.0,2019-04-24 19:32:24
39,3P414 (4000K),Olsent,China,14.0,2019-04-24 19:32:24
40,3P420 (4000K),Olsent,China,20.0,2019-04-24 19:32:24
41,SP0223 (4000K),Olsent,China,23.0,2019-04-24 19:32:24
42,SP0220 (4000K),Olsent,China,20.0,2019-04-24 19:32:24
43,SP0214 (4000K),Olsent,China,14.0,2019-04-24 19:32:24
44,SP0211 (4000K),Olsent,China,11.0,2019-04-24 19:32:24
45,SP0208 (4000K),Olsent,China,8.0,2019-04-24 19:32:24
46,Duluxstar Mini Twist 12W/827,OSRAM,China,12.0,2019-04-24 19:32:24
47,Duluxstar Mini Twist 12W/827 B22D,OSRAM,China,12.0,2019-04-24 19:32:24
48,Duluxstar Mini Twist 12W/827 E27,OSRAM,China,12.0,2019-04-24 19:32:24
49,Duluxstar Mini Twist 12W/840,OSRAM,China,12.0,2019-04-24 19:32:24
50,Duluxstar Mini Twist 12W/840 B22D,OSRAM,China,12.0,2019-04-24 19:32:24
51,Duluxstar Mini Twist 12W/840 E27,OSRAM,China,12.0,2019-04-24 19:32:24
52,Duluxstar Mini Twist 12W/865,OSRAM,China,12.0,2019-04-24 19:32:24
53,Duluxstar Mini Twist 12W/865 B22D,OSRAM,China,12.0,2019-04-24 19:32:24
54,Duluxstar Mini Twist 12W/865 E27,OSRAM,China,12.0,2019-04-24 19:32:24
55,Duluxstar Mini Twist 15W/827,OSRAM,China,15.0,2019-04-24 19:32:24
56,Duluxstar Mini Twist 15W/827 B22D,OSRAM,China,15.0,2019-04-24 19:32:24
57,Duluxstar Mini Twist 15W/827 E27,OSRAM,China,15.0,2019-04-24 19:32:24
58,Duluxstar Mini Twist 15W/840,OSRAM,China,15.0,2019-04-24 19:32:24
59,Duluxstar Mini Twist 15W/840 B22D,OSRAM,China,15.0,2019-04-24 19:32:24
60,Duluxstar Mini Twist 15W/840 E27,OSRAM,China,15.0,2019-04-24 19:32:24
61,Duluxstar Mini Twist 15W/865,OSRAM,China,15.0,2019-04-24 19:32:24
62,Duluxstar Mini Twist 15W/865 B22D,OSRAM,China,15.0,2019-04-24 19:32:24
63,Duluxstar Mini Twist 15W/865 E27,OSRAM,China,15.0,2019-04-24 19:32:24
64,Duluxstar Mini Twist 20W/827,OSRAM,China,20.0,2019-04-24 19:32:24
65,Duluxstar Mini Twist 20W/827 B22D,OSRAM,China,20.0,2019-04-24 19:32:24
66,Duluxstar Mini Twist 20W/827 E27,OSRAM,China,20.0,2019-04-24 19:32:24
67,Duluxstar Mini Twist 20W/840,OSRAM,China,20.0,2019-04-24 19:32:24
68,Duluxstar Mini Twist 20W/840 B22D,OSRAM,China,20.0,2019-04-24 19:32:24
69,Duluxstar Mini Twist 20W/840 E27,OSRAM,China,20.0,2019-04-24 19:32:24
70,Duluxstar Mini Twist 20W/865,OSRAM,China,20.0,2019-04-24 19:32:24
71,Duluxstar Mini Twist 20W/865 B22D,OSRAM,China,20.0,2019-04-24 19:32:24
72,Duluxstar Mini Twist 20W/865 E27,OSRAM,China,20.0,2019-04-24 19:32:24
73,Duluxstar Mini Twist 23W/827,OSRAM,China,23.0,2019-04-24 19:32:24
74,Duluxstar Mini Twist 23W/827 B22D,OSRAM,China,23.0,2019-04-24 19:32:24
75,Duluxstar Mini Twist 23W/827 E27,OSRAM,China,23.0,2019-04-24 19:32:24
76,Duluxstar Mini Twist 23W/840,OSRAM,China,23.0,2019-04-24 19:32:24
77,Duluxstar Mini Twist 23W/840 B22D,OSRAM,China,23.0,2019-04-24 19:32:24
78,Duluxstar Mini Twist 23W/840 E27,OSRAM,China,23.0,2019-04-24 19:32:24
79,Duluxstar Mini Twist 23W/865,OSRAM,China,23.0,2019-04-24 19:32:24
80,Duluxstar Mini Twist 23W/865 B22D,OSRAM,China,23.0,2019-04-24 19:32:24
81,Duluxstar Mini Twist 23W/865 E27,OSRAM,China,23.0,2019-04-24 19:32:24
82,SP0208 (2700K),Olsent,China,8.0,2019-04-24 19:32:24
83,SP0211 (2700K),Olsent,China,11.0,2019-04-24 19:32:24
84,SP0214 (2700K),Olsent,China,14.0,2019-04-24 19:32:24
85,SP0220 (2700K),Olsent,China,20.0,2019-04-24 19:32:24
86,3P408 (2700K),Olsent,China,8.0,2019-04-24 19:32:24
87,3P411 (2700K),Olsent,China,11.0,2019-04-24 19:32:24
88,3P414 (2700K),Olsent,China,14.0,2019-04-24 19:32:24
89,EFDHV5L27E,Panasonic,China,5.0,2019-04-24 19:32:24
90,EFDHV5D65E,Panasonic,China,5.0,2019-04-24 19:32:24
91,EFDHV5L27BE,Panasonic,China,5.0,2019-04-24 19:32:24
92,EFDHV5D65BE,Panasonic,China,5.0,2019-04-24 19:32:24
93,EFDHV8L27E,Panasonic,China,8.0,2019-04-24 19:32:24
94,EFDHV8D65E,Panasonic,China,8.0,2019-04-24 19:32:24
95,EFDHV8L27BE,Panasonic,China,8.0,2019-04-24 19:32:24
96,EFDHV8D65BE,Panasonic,China,8.0,2019-04-24 19:32:24
97,EFDHV11L27E,Panasonic,China,11.0,2019-04-24 19:32:24
98,EFDHV11D65E,Panasonic,China,11.0,2019-04-24 19:32:24
99,EFHHV11L27BE,Panasonic,China,11.0,2019-04-24 19:32:24
100,EFDHV11D65BE,Panasonic,China,11.0,2019-04-24 19:32:24
101,EFDHV15L27E,Panasonic,China,15.0,2019-04-24 19:32:24
102,EFDHV15D65E,Panasonic,China,15.0,2019-04-24 19:32:24
103,EFDHV15L27BE,Panasonic,China,15.0,2019-04-24 19:32:24
104,EFDHV15D65BE,Panasonic,China,15.0,2019-04-24 19:32:24
105,EFDHV20L27E,Panasonic,China,20.0,2019-04-24 19:32:24
106,EFDHV20D65E,Panasonic,China,20.0,2019-04-24 19:32:24
107,EFDHV20L27BE,Panasonic,China,20.0,2019-04-24 19:32:24
108,EFDHV20D65BE,Panasonic,China,20.0,2019-04-24 19:32:24
109,EFDHV23L27E,Panasonic,China,23.0,2019-04-24 19:32:24
110,EFDHV23D65E,Panasonic,China,23.0,2019-04-24 19:32:24
111,EFDHV23L27BE,Panasonic,China,23.0,2019-04-24 19:32:24
112,EFDHV23D65BE,Panasonic,China,23.0,2019-04-24 19:32:24
113,EFDHV5L27E,Panasonic,China,5.0,2019-04-24 19:32:24
114,EFDHV5D65E,Panasonic,China,5.0,2019-04-24 19:32:24
115,EFDHV5L27BE,Panasonic,China,5.0,2019-04-24 19:32:24
116,EFDHV5D65BE,Panasonic,China,5.0,2019-04-24 19:32:24
117,EFDHV8L27E,Panasonic,China,8.0,2019-04-24 19:32:24
118,EFDHV8D65E,Panasonic,China,8.0,2019-04-24 19:32:24
119,EFDHV8L27BE,Panasonic,Chile,8.0,2019-04-24 19:32:24
120,EFDHV8D65BE,Panasonic,China,8.0,2019-04-24 19:32:24
121,EFDHV11L27E,Panasonic,China,11.0,2019-04-24 19:32:24
122,EFDHV1165E,Panasonic,China,11.0,2019-04-24 19:32:24
123,EFDHV11L27BE,Panasonic,China,11.0,2019-04-24 19:32:24
124,EFDHV1165BE,Panasonic,China,11.0,2019-04-24 19:32:24
125,EFDHV15L27E,Panasonic,China,15.0,2019-04-24 19:32:24
126,EFDHV15D65E,Panasonic,China,15.0,2019-04-24 19:32:24
127,EFDHV15L27BE,Panasonic,China,15.0,2019-04-24 19:32:24
128,EFDHV15D65BE,Panasonic,China,15.0,2019-04-24 19:32:24
129,EFDHV20L27E,Panasonic,China,20.0,2019-04-24 19:32:24
130,EFDHV20D65E,Panasonic,China,30.0,2019-04-24 19:32:24
131,EFDHV20L27BE,Panasonic,China,20.0,2019-04-24 19:32:24
132,EFDHV20D65BE,Panasonic,China,20.0,2019-04-24 19:32:24
133,EFDHV23L27E,Panasonic,China,23.0,2019-04-24 19:32:24
134,EFDHV23D65E,Panasonic,China,23.0,2019-04-24 19:32:24
135,EFDHV23L27BE,Panasonic,China,23.0,2019-04-24 19:32:24
136,EFDHV23D65BE,Panasonic,China,23.0,2019-04-24 19:32:24
137,EFDHV5D65BE,Panasonic,China,5.0,2019-04-24 19:32:24
138,EFDHV5D65E,Panasonic,China,5.0,2019-04-24 19:32:24
139,EFDHV5L27BE,Panasonic,China,5.0,2019-04-24 19:32:24
140,EFDHV5L27E,Panasonic,China,5.0,2019-04-24 19:32:24
141,EFDHV SERIES,Panasonic,China,5.0,2019-04-24 19:32:24
142,EFDHV8L27BE,Panasonic,China,8.0,2019-04-24 19:32:24
143,EFDHV8L27E,Panasonic,China,8.0,2019-04-24 19:32:24
144,EFDHV SERIES,Panasonic,China,8.0,2019-04-24 19:32:24
145,EFDHV1165BE,Panasonic,China,11.0,2019-04-24 19:32:24
146,EFDHV1165E,Panasonic,China,11.0,2019-04-24 19:32:24
147,EFDHV SERIES,Panasonic,China,11.0,2019-04-24 19:32:24
148,EFDHV1127BE,Panasonic,China,11.0,2019-04-24 19:32:24
149,EFDHV1127E,Panasonic,China,11.0,2019-04-24 19:32:24
150,EFDHV SERIES,Panasonic,China,11.0,2019-04-24 19:32:24
151,EFDHV15D65BE,Panasonic,China,15.0,2019-04-24 19:32:24
152,EFDHV15D65E,Panasonic,China,15.0,2019-04-24 19:32:24
153,EFDHV SERIES,Panasonic,China,15.0,2019-04-24 19:32:24
154,EFDHV20D65E,Panasonic,China,20.0,2019-04-24 19:32:24
155,EFDHV8L27BE,Panasonic,China,8.0,2019-04-24 19:32:24
156,EFDHV8L27E,Panasonic,China,8.0,2019-04-24 19:32:24
157,EFDHV SERIES,Panasonic,China,8.0,2019-04-24 19:32:24
158,EFDHV11L27BE,Panasonic,China,11.0,2019-04-24 19:32:24
159,EFDHV11L27E,Panasonic,China,11.0,2019-04-24 19:32:24
160,EFDHV SERIES,Panasonic,China,11.0,2019-04-24 19:32:24
161,EFDHV11D65BE,Panasonic,China,11.0,2019-04-24 19:32:24
162,EFDHV11D65E,Panasonic,China,11.0,2019-04-24 19:32:24
163,EFDHV SERIES,Panasonic,China,11.0,2019-04-24 19:32:24
164,Tornado T2 20W WW,PHILIPS,China,20.0,2019-04-24 19:32:24
165,Tornado T2 20W WW B22,PHILIPS,China,20.0,2019-04-24 19:32:24
166,Tornado T2 20W WW E27,PHILIPS,China,20.0,2019-04-24 19:32:24
167,Tornado T2 15W CDL B22,PHILIPS,China,15.0,2019-04-24 19:32:24
168,Tornado T2 15W CDL E27,PHILIPS,China,15.0,2019-04-24 19:32:24
169,Tornado T2 15W CDL E27/B22,PHILIPS,China,15.0,2019-04-24 19:32:24
170,Tornado T2 15W WW B22,PHILIPS,China,15.0,2019-04-24 19:32:24
171,Tornado T2 15W WW E27,PHILIPS,China,15.0,2019-04-24 19:32:24
172,Tornado T2 15W WW E27/B22,PHILIPS,China,15.0,2019-04-24 19:32:24
173,GL-3U,SANSAI,China,15.0,2019-04-24 19:32:24
174,GL-3U/15W-B22,SANSAI,China,15.0,2019-04-24 19:32:24
175,GL-3U/15W-E27,SANSAI,China,15.0,2019-04-24 19:32:24
176,3P414 (2700K),Olsent,China,14.0,2019-04-24 19:32:24
177,3P411 (2700K),Olsent,China,11.0,2019-04-24 19:32:24
178,3P408 (2700K),Olsent,China,8.0,2019-04-24 19:32:24
179,SP0220 (2700K),Olsent,China,20.0,2019-04-24 19:32:24
180,SP0214 (2700K),Olsent,China,14.0,2019-04-24 19:32:24
181,SP0211 (2700K),Olsent,China,11.0,2019-04-24 19:32:24
182,SP0208 (2700K),Olsent,China,8.0,2019-04-24 19:32:24
183,SP0211 (4000K),Olsent,China,11.0,2019-04-24 19:32:24
184,SP0214 (4000K),Olsent,China,14.0,2019-04-24 19:32:24
185,SP0220 (4000K),Olsent,China,20.0,2019-04-24 19:32:24
186,SP0223 (4000K),Olsent,China,23.0,2019-04-24 19:32:24
187,3P420 (4000K),Olsent,China,20.0,2019-04-24 19:32:24
188,3P414 (4000K),Olsent,China,14.0,2019-04-24 19:32:24
189,3P411 (4000K),Olsent,China,11.0,2019-04-24 19:32:24
190,ENVIROLUX LUCCI CFL 9W SPR WW,LUCCI ENVIROLUX,China,9.0,2019-04-24 19:32:24
191,NHSAR09 B22 2700K (sku#120684),LUCCI ENVIROLUX,China,9.0,2019-04-24 19:32:24
192,NHSAR09 E27 2700K (sku#120685),LUCCI ENVIROLUX,China,9.0,2019-04-24 19:32:24
193,ENVIROLUX LUCCI CFL 11W SPR WW,LUCCI ENVIROLUX,China,11.0,2019-04-24 19:32:24
194,NHSAR11 B22 2700K (sku#120688),LUCCI ENVIROLUX,China,11.0,2019-04-24 19:32:24
195,NHSAR11 E27 2700K (sku#120689),LUCCI ENVIROLUX,China,11.0,2019-04-24 19:32:24
196,ENVIROLUX LUCCI CFL15W SPR WW,LUCCI ENVIROLUX,China,15.0,2019-04-24 19:32:24
197,NHSXR15 B22 2700K (sku#120692),LUCCI ENVIROLUX,China,15.0,2019-04-24 19:32:24
198,NHSXR15 E27 2700K (sku#120693),LUCCI ENVIROLUX,China,15.0,2019-04-24 19:32:24
199,ENVIROLUX LUCCI CFL 20W SPR WW,LUCCI ENVIROLUX,China,20.0,2019-04-24 19:32:24
200,NHSBR20 B22 2700K (sku#120696),LUCCI ENVIROLUX,China,20.0,2019-04-24 19:32:24
201,NHSBR20 E27 2700K (sku#120697),LUCCI ENVIROLUX,China,20.0,2019-04-24 19:32:24
202,ENVIROLUX LUCCI 9W G9 WARM,LUCCI ENVIROLUX,China,9.0,2019-04-24 19:32:24
203,LD-G9/9W 27K (sku# 120738),LUCCI ENVIROLUX,China,9.0,2019-04-24 19:32:24
204,LD-G9/9W 40K (sku# 120739),ENVIROLUX LUCCI,China,9.0,2019-04-24 19:32:24
205,ENVIROLUX LUCCI 11W GU10 COOL,LUCCI ENVIROLUX,China,11.0,2019-04-24 19:32:24
206,GU10-11W 4000K (sku# 120748),LUCCI ENVIROLUX,China,11.0,2019-04-24 19:32:24
207,Emerald Planet CFL,Emerald Planet,China,15.0,2019-04-24 19:32:24
208,EP-CFL3-15BC,Emerald Planet,China,15.0,2019-04-24 19:32:24
209,EP-CFL3-15ES,Emerald Planet,China,15.0,2019-04-24 19:32:24
210,MELQ48,NELSON,China,48.0,2019-04-24 19:32:24
211,MELQ48BCNS,NELSON,China,48.0,2019-04-24 19:32:24
212,MELQ48ESNS,NELSON,China,48.0,2019-04-24 19:32:24
213,FLE20HLX/827,GE,China,20.0,2019-04-24 19:32:24
214,FLE20HLX/827/B22/T2,GE,China,20.0,2019-04-24 19:32:24
215,FLE20HLX/827/E27/T2,GE,China,20.0,2019-04-24 19:32:24
216,T2-9,MIRABELLA,China,9.0,2019-04-24 19:32:24
217,T2-11,MIRABELLA,China,11.0,2019-04-24 19:32:24
218,T2-13,MIRABELLA,China,13.0,2019-04-24 19:32:24
219,T2-15,MIRABELLA,China,15.0,2019-04-24 19:32:24
220,T2-18,MIRABELLA,China,18.0,2019-04-24 19:32:24
221,T2-23,MIRABELLA,China,23.0,2019-04-24 19:32:24
222,EEU-10,MIRABELLA,China,10.0,2019-04-24 19:32:24
223,EEU-18,MIRABELLA,China,18.0,2019-04-24 19:32:24
224,GA607 (4000K),Olsent,China,7.0,2019-04-24 19:32:24
225,GSU111 (4000K),Olsent,China,11.0,2019-04-24 19:32:24
226,GSU215 (4000K),Olsent,China,15.0,2019-04-24 19:32:24
227,GSU220 (2700K),Olsent,China,20.0,2019-04-24 19:32:24
228,T2-15-HW,Housewares,China,15.0,2019-04-24 19:32:24
229,T2-20-BG,Black&Gold,China,20.0,2019-04-24 19:32:24
230,GSU215 (2700K),Olsent,China,15.0,2019-04-24 19:32:24
231,GA607 (2700K),Olsent,China,7.0,2019-04-24 19:32:24
232,GSU111 (2700K),Olsent,China,11.0,2019-04-24 19:32:24
233,SP0208 (4000K),Olsent,China,8.0,2019-04-24 19:32:24
234,20W CFL GLS,Emerald Planet,China,20.0,2019-04-24 19:32:24
235,EP-CFL3-20BC,Emerald Planet,China,20.0,2019-04-24 19:32:24
236,EP-CFL3-20ES,Emerald Planet,China,20.0,2019-04-24 19:32:24
237,MELMFR10,NELSON,China,10.0,2019-04-24 19:32:24
238,MELMFR10BCS,NELSON,China,10.0,2019-04-24 19:32:24
239,MELMFR10ESS,NELSON,China,10.0,2019-04-24 19:32:24
240,MELMFR10SBCS,NELSON,China,10.0,2019-04-24 19:32:24
241,MELMFR10SESS,NELSON,China,10.0,2019-04-24 19:32:24
242,MELTGLS11,NELSON,China,11.0,2019-04-24 19:32:24
243,MELTGLS11BC,NELSON,China,11.0,2019-04-24 19:32:24
244,MELTGLS11ES,NELSON,China,11.0,2019-04-24 19:32:24
245,MELTGLS11SBC,NELSON,China,11.0,2019-04-24 19:32:24
246,MELTGLS11SES,NELSON,China,11.0,2019-04-24 19:32:24
247,MELSD15**,NELSON,China,15.0,2019-04-24 19:32:24
248,MELSD15BC,NELSON,China,15.0,2019-04-24 19:32:24
249,MELSD15ES,NELSON,China,15.0,2019-04-24 19:32:24
250,MELSD20**,NELSON,China,20.0,2019-04-24 19:32:24
251,MELSD20BC,NELSON,China,20.0,2019-04-24 19:32:24
252,MELSD20ES,NELSON,China,20.0,2019-04-24 19:32:24
253,MELQAL09**,NELSON,China,9.0,2019-04-24 19:32:24
254,MELQAL09BC,NELSON,China,9.0,2019-04-24 19:32:24
255,MELQAL09ES,NELSON,China,9.0,2019-04-24 19:32:24
256,MELCM09***,NELSON,China,9.0,2019-04-24 19:32:24
257,MELCM09BC,NELSON,China,9.0,2019-04-24 19:32:24
258,MELCM09ES,NELSON,China,9.0,2019-04-24 19:32:24
259,MELCM09SBC,NELSON,China,9.0,2019-04-24 19:32:24
260,MELCM09SES,NELSON,China,9.0,2019-04-24 19:32:24
261,MELTR8011ESF,NELSON,China,11.0,2019-04-24 19:32:24
262,MELTGLS11,NELSON,China,11.0,2019-04-24 19:32:24
263,MELTGLS11BC,NELSON,China,11.0,2019-04-24 19:32:24
264,MELTGLS11ES,NELSON,China,11.0,2019-04-24 19:32:24
265,MELTGLS11SBC,NELSON,China,11.0,2019-04-24 19:32:24
266,MELTGLS11SES,NELSON,China,11.0,2019-04-24 19:32:24
267,MELQ48,NELSON,China,48.0,2019-04-24 19:32:24
268,MELQ48BCS,NELSON,China,48.0,2019-04-24 19:32:24
269,MELQ48ESS,NELSON,China,48.0,2019-04-24 19:32:24
270,MELTG,NELSON,China,11.0,2019-04-24 19:32:24
271,FLE20HLX/865/B22/T2,GE,China,20.0,2019-04-24 19:32:24
272,FLE20HLX/865/E27/T2,GE,China,20.0,2019-04-24 19:32:24
273,FLE20HLX/865/T2,GE,China,20.0,2019-04-24 19:32:24
274,FLE20HLX/840/B22/T2,GE,China,20.0,2019-04-24 19:32:24
275,FLE20HLX/840/E27/T2,GE,China,20.0,2019-04-24 19:32:24
276,FLE20HLX/840/T2,GE,China,20.0,2019-04-24 19:32:24
277,FLE8/HLX/827/B15/T2,GE,China,8.0,2019-04-24 19:32:24
278,FLE8/HLX/827/B22/T2,GE,China,8.0,2019-04-24 19:32:24
279,FLE8/HLX/827/E14/T2,GE,China,8.0,2019-04-24 19:32:24
280,FLE8/HLX/827/E27/T2,GE,China,8.0,2019-04-24 19:32:24
281,FLE8/HLX/827/T2,GE,China,8.0,2019-04-24 19:32:24
282,FLE12/HLX/840/B15/T2,GE Lighting,China,12.0,2019-04-24 19:32:24
283,FLE12/HLX/840/B22/T2,GE Lighting,China,12.0,2019-04-24 19:32:24
284,FLE12/HLX/840/E14/T2,GE Lighting,China,12.0,2019-04-24 19:32:24
285,FLE12/HLX/840/E27/T2,GE Lighting,China,12.0,2019-04-24 19:32:24
286,FLE12/HLX/840/T2,GE Lighting,China,12.0,2019-04-24 19:32:24
287,FLE12/HLX/827/B15/T2,GE Lighting,China,12.0,2019-04-24 19:32:24
288,FLE12/HLX/827/B22/T2,GE Lighting,China,12.0,2019-04-24 19:32:24
289,FLE12/HLX/827/E14/T2,GE Lighting,China,12.0,2019-04-24 19:32:24
290,FLE12/HLX/827/E27/T2,GE Lighting,China,12.0,2019-04-24 19:32:24
291,FLE12/HLX/827/T2,GE Lighting,China,12.0,2019-04-24 19:32:24
292,FLE15HLX/840/B22/T2,GE,China,15.0,2019-04-24 19:32:24
293,FLE15HLX/840/E27/T2,GE,China,15.0,2019-04-24 19:32:24
294,FLE15HLX/840/T2,GE,China,15.0,2019-04-24 19:32:24
295,FLE15TBX/827/B22/T3,GE,China,15.0,2019-04-24 19:32:24
296,FLE15TBX/827/E27/T3,GE,China,15.0,2019-04-24 19:32:24
297,FLE15TBX/827/T3,GE,China,15.0,2019-04-24 19:32:24
298,FLE15TBX/840/B22/T3,GE,China,15.0,2019-04-24 19:32:24
299,FLE15TBX/840/E27/T3,GE,China,15.0,2019-04-24 19:32:24
300,FLE15TBX/840/T3,GE,China,15.0,2019-04-24 19:32:24
301,T2-20W,Olsent,China,20.0,2019-04-24 19:32:24
302,T2-20W,Olsent,China,20.0,2019-04-24 19:32:24
303,T2 - 23W    (4100K),Olsent,China,23.0,2019-04-24 19:32:24
304,T2-23W   (2700K),Olsent,China,23.0,2019-04-24 19:32:24
305,MELTG,NELSON,China,11.0,2019-04-24 19:32:24
306,MELTG11BCN,NELSON,China,11.0,2019-04-24 19:32:24
307,MELTG11ESN,NELSON,China,11.0,2019-04-24 19:32:24
308,20W Sprial CFL,ENVIROLUX LUCCI,China,20.0,2019-04-24 19:32:24
309,NHSBR20 4000K B22,ENVIROLUX LUCCI,China,20.0,2019-04-24 19:32:24
310,NHSBR20 4000K E27,ENVIROLUX LUCCI,China,20.0,2019-04-24 19:32:24
311,NHSXR20 4000K B22,ENVIROLUX LUCCI,China,20.0,2019-04-24 19:32:24
312,NHSXR20 4000K E27,ENVIROLUX LUCCI,China,20.0,2019-04-24 19:32:24
313,9W Sprial CFL,LUCCI ENVIROLUX,China,9.0,2019-04-24 19:32:24
314,NHSAR9 4000K B22,LUCCI ENVIROLUX,China,9.0,2019-04-24 19:32:24
315,NHSAR9 4000K E27,LUCCI ENVIROLUX,China,9.0,2019-04-24 19:32:24
316,11W Spiral CFL,LUCCI ENVIROLUX,China,11.0,2019-04-24 19:32:24
317,NHSAR11 4000K B22,LUCCI ENVIROLUX,China,11.0,2019-04-24 19:32:24
318,NHSAR11 4000K E27,LUCCI ENVIROLUX,China,11.0,2019-04-24 19:32:24
319,15W Sprial CFL,LUCCI ENVIROLUX,China,15.0,2019-04-24 19:32:24
320,NHSXR15 4000K B22,LUCCI ENVIROLUX,China,15.0,2019-04-24 19:32:24
321,NHSXR15 4000K E27,LUCCI ENVIROLUX,China,15.0,2019-04-24 19:32:24
322,T2 15W (2700k),Olsent,China,15.0,2019-04-24 19:32:24
323,T2-15W (4100k),Olsent,China,15.0,2019-04-24 19:32:24
324,T2 - 13W (2700K),Olsent,China,13.0,2019-04-24 19:32:24
325,T2-13W (4100K),Olsent,China,13.0,2019-04-24 19:32:24
326,Tornado 12W CDL,PHILIPS,China,12.0,2019-04-24 19:32:24
327,Tornado T2 12W CDL B22,PHILIPS,China,12.0,2019-04-24 19:32:24
328,Tornado T2 12W CDL E14,PHILIPS,China,12.0,2019-04-24 19:32:24
329,Tornado T2 12W CDL E27,PHILIPS,China,12.0,2019-04-24 19:32:24
330,GL-SP/11W,SANSAI,China,11.0,2019-04-24 19:32:24
331,GL-SP/11W-B22,SANSAI,China,11.0,2019-04-24 19:32:24
332,GL-SP/11W-E27,SANSAI,China,11.0,2019-04-24 19:32:24
333,T2-15,COLES,China,15.0,2019-04-24 19:32:24
334,T2-15 BC,COLES,China,15.0,2019-04-24 19:32:24
335,T2-15 ES,COLES,China,15.0,2019-04-24 19:32:24
336,T2-15 2700K,COLES,China,15.0,2019-04-24 19:32:24
337,T2-15 BC 2700K,COLES,China,15.0,2019-04-24 19:32:24
338,T2-15 ES 2700K,COLES,China,15.0,2019-04-24 19:32:24
339,T2-23 BC 2700K,COLES,China,23.0,2019-04-24 19:32:24
340,T2-23 ES 2700K,COLES,China,23.0,2019-04-24 19:32:24
341,T2-23W 2700K,COLES,China,23.0,2019-04-24 19:32:24
342,T2-23 BC 4100K,COLES,China,23.0,2019-04-24 19:32:24
343,T2-23 ES 4100K,COLES,China,23.0,2019-04-24 19:32:24
344,T2-23 W 4100K,COLES,China,23.0,2019-04-24 19:32:24
345,GL-3U/07W,SANSAI,China,7.0,2019-04-24 19:32:24
346,GL-3U/07W-B22,SANSAI,China,7.0,2019-04-24 19:32:24
347,GL-3U/07W-E27,SANSAI,China,7.0,2019-04-24 19:32:24
348,GL-3U/20W,SANSAI,China,20.0,2019-04-24 19:32:24
349,GL-3U/20W-B22,SANSAI,China,20.0,2019-04-24 19:32:24
350,GL-3U/20W-E27,SANSAI,China,20.0,2019-04-24 19:32:24
351,GL-SP/20W,SANSAI,China,20.0,2019-04-24 19:32:24
352,GL-SP/20W-B22,SANSAI,China,20.0,2019-04-24 19:32:24
353,GL-SP/20W-E27,SANSAI,China,20.0,2019-04-24 19:32:24
354,GL-3U/11W,SANSAI,China,11.0,2019-04-24 19:32:24
355,GL-3U/11W-B22,SANSAI,China,11.0,2019-04-24 19:32:24
356,GL-3U/11W-E27,SANSAI,China,11.0,2019-04-24 19:32:24
357,GL-SP/15W,SANSAI,China,15.0,2019-04-24 19:32:24
358,GL-SP/15W-B22,SANSAI,China,15.0,2019-04-24 19:32:24
359,GL-SP/15W-E27,SANSAI,China,15.0,2019-04-24 19:32:24
360,GL-SP/07W,SANSAI,China,7.0,2019-04-24 19:32:24
361,GL-SP/07W-B22,SANSAI,China,7.0,2019-04-24 19:32:24
362,GL-SP/07W-E27,SANSAI,China,7.0,2019-04-24 19:32:24
363,GL-3U/25W,SANSAI,China,25.0,2019-04-24 19:32:24
364,GL-3U/25W-B22,SANSAI,China,25.0,2019-04-24 19:32:24
365,GL-3U/25W-E27,SANSAI,China,25.0,2019-04-24 19:32:24
366,T2-15 2700k,COLES,China,15.0,2019-04-24 19:32:24
367,T2-15 BC 2700K,COLES,China,15.0,2019-04-24 19:32:24
368,T2-15 ES 2700K,COLES,China,15.0,2019-04-24 19:32:24
369,T2-15 4100K,COLES,China,15.0,2019-04-24 19:32:24
370,T2-15 BC 4100K,COLES,China,15.0,2019-04-24 19:32:24
371,T2-15 ES 4100K,COLES,China,15.0,2019-04-24 19:32:24
372,T2-23 2700K,COLES,China,23.0,2019-04-24 19:32:24
373,T2-23 BC 2700K,COLES,China,23.0,2019-04-24 19:32:24
374,T2-23 ES 2700K,COLES,China,23.0,2019-04-24 19:32:24
375,T2-23 4100K,COLES,China,23.0,2019-04-24 19:32:24
376,T2-23 BC 4100K,COLES,China,23.0,2019-04-24 19:32:24
377,T2-23 ES 4100K,COLES,China,23.0,2019-04-24 19:32:24
378,76602W,GE,China,23.0,2019-04-24 19:32:24
379,76603W,GE,China,23.0,2019-04-24 19:32:24
380,FLE23HLX/827,GE,China,23.0,2019-04-24 19:32:24
381,FLE23HLX/827/B22/T2,GE,China,23.0,2019-04-24 19:32:24
382,FLE23HLX/827/E27/T2,GE,China,23.0,2019-04-24 19:32:24
383,76604W,GE,China,23.0,2019-04-24 19:32:24
384,76605W,GE,China,23.0,2019-04-24 19:32:24
385,FLE23HLX/840,GE,China,23.0,2019-04-24 19:32:24
386,FLE23HLX/840/B22/T2,GE,China,23.0,2019-04-24 19:32:24
387,FLE23HLX/840/E27/T2,GE,China,23.0,2019-04-24 19:32:24
