Set_top_boxes_id,Model_No,Brand,Country,Power,Update_time
0,Mega 1,COSHIP,China,5.85,2019-04-24 20:21:44
1,GVADH1685P,GVA,China,3.327,2019-04-24 20:21:44
2,MoonBox III,Moon Box,China,11.68,2019-04-24 20:21:44
3,T2100,DishTV,China,5.72,2019-04-24 20:21:44
4,N7800,Netgem,China,7.22,2019-04-24 20:21:44
5,VM24S,simplecontrol,China,4.3,2019-04-24 20:21:44
6,VM44S,simplecontrol,China,4.3,2019-04-24 20:21:44
7,VM54S,simplecontrol,China,4.3,2019-04-24 20:21:44
8,VM64S,simplecontrol,China,4.3,2019-04-24 20:21:44
9,H626T,Fetch TV,China,6.54,2019-04-24 20:21:44
10,A 2856,Dynalink,China,4.8,2019-04-24 20:21:44
11,LBA-020-WW,LeEco,China,5.42,2019-04-24 20:21:44
12,DH1685,Thomson,China,3.327,2019-04-24 20:21:44
13,DH1685P,Thomson,China,3.327,2019-04-24 20:21:44
14,DH1685P,Target,China,3.327,2019-04-24 20:21:44
15,T2100,DishTV,China,6.11,2019-04-24 20:21:44
16,LHDSTB17,Linden,China,3.6519999999999997,2019-04-24 20:21:44
17,STB-5500-GB,LG,South Korea,12.9,2019-04-24 20:21:44
18,DSD 4921 RV,Altech UEC,South Africa,5.85,2019-04-24 20:21:44
19,DSD 4921 TVPLUS,Altech UEC,South Africa,5.85,2019-04-24 20:21:44
20,4700TL,Telstra TV,China,2.94,2019-04-24 20:21:44
21,HDB860,TEAC,China,7.64,2019-04-24 20:21:44
22,LHDSTB17a,Linden,China,4.253,2019-04-24 20:21:44
23,TSB100,TEAC,China,3.99,2019-04-24 20:21:44
