Water_heater_id,Model_No,Brand,Country,Power,Update_time
0,300SDB,The Silver Bullet,New Zealand,2185.0,2019-04-24 21:57:06
1,300SCB,The Silver Bullet,New Zealand,2185.0,2019-04-24 21:57:06
2,300SDB,The Silver Bullet,New Zealand,2185.0,2019-04-24 21:57:06
3,300STD,The Silver Bullet,New Zealand,2185.0,2019-04-24 21:57:06
4,32518003-0,RHEEM,"Australia,New Zealand",1580.0,2019-04-24 21:57:06
5,32518005-0,RHEEM,"Australia,New Zealand",1580.0,2019-04-24 21:57:06
6,LC18054020,HJ COOPER,New Zealand,1220.0,2019-04-24 21:57:06
7,491080Rx,RHEEM,Australia,1730.0,2019-04-24 21:57:06
8,491080Rx/BL,RHEEM,Australia,1730.0,2019-04-24 21:57:06
9,Rheem 80L Electric Storage 491080Rx,RHEEM,Australia,1730.0,2019-04-24 21:57:06
10,491125Rx,RHEEM,Australia,2009.9999999999998,2019-04-24 21:57:06
11,491125Rx/BL,RHEEM,Australia,2009.9999999999998,2019-04-24 21:57:06
12,Rheem 125L Electric Storage 491125Rx,RHEEM,Australia,2009.9999999999998,2019-04-24 21:57:06
13,491160Rx,RHEEM,Australia,2220.0,2019-04-24 21:57:06
14,491160Rx/BL,RHEEM,Australia,2220.0,2019-04-24 21:57:06
15,Rheem 160L Electric Storage 491160Rx,RHEEM,Australia,2220.0,2019-04-24 21:57:06
16,492160Rx,RHEEM,Australia,2420.0,2019-04-24 21:57:06
17,492160Rx/BL,RHEEM,Australia,2420.0,2019-04-24 21:57:06
18,Rheem 160L TE Electric Storage 492160Rx,RHEEM,Australia,2420.0,2019-04-24 21:57:06
19,14809013T,RHEEM,New Zealand,1200.0,2019-04-24 21:57:06
20,LPVE 90L,RHEEM,New Zealand,1200.0,2019-04-24 21:57:06
21,14813513T,RHEEM,New Zealand,1400.0,2019-04-24 21:57:06
22,14818013T,RHEEM,New Zealand,1600.0,2019-04-24 21:57:06
23,14818015T,RHEEM,New Zealand,1600.0,2019-04-24 21:57:06
24,148180xxT,RHEEM,New Zealand,1600.0,2019-04-24 21:57:06
25,15813513T,RHEEM,New Zealand,1400.0,2019-04-24 21:57:06
26,15813515T,RHEEM,New Zealand,1400.0,2019-04-24 21:57:06
27,158135xxT,RHEEM,New Zealand,1400.0,2019-04-24 21:57:06
28,15818013T,RHEEM,New Zealand,1600.0,2019-04-24 21:57:06
29,15818015T,RHEEM,New Zealand,1600.0,2019-04-24 21:57:06
30,158180xxT,RHEEM,New Zealand,1600.0,2019-04-24 21:57:06
31,15827015T,RHEEM,New Zealand,2100.0,2019-04-24 21:57:06
32,691045Cx,VULCAN,China,1320.0,2019-04-24 21:57:06
33,MPE315,Qudos,Australia,2440.0,2019-04-24 21:57:06
34,MPS315,Qudos,Australia,2440.0,2019-04-24 21:57:06
35,Qudos,Qudos,Australia,2440.0,2019-04-24 21:57:06
36,MPE250,Qudos,Australia,2140.0,2019-04-24 21:57:06
37,MPS250,Qudos,Australia,2140.0,2019-04-24 21:57:06
38,Qudos,Qudos,Australia,2140.0,2019-04-24 21:57:06
39,MPE160,Qudos,Australia,1620.0,2019-04-24 21:57:06
40,MPS160,Qudos,Australia,1620.0,2019-04-24 21:57:06
41,Qudos,Qudos,Australia,1620.0,2019-04-24 21:57:06
42,292315Rx,EVERHOT,Australia,3120.0,2019-04-24 21:57:06
43,292315Rx/BL,EVERHOT,Australia,3120.0,2019-04-24 21:57:06
44,Everhot 315L TE Electric Storage 292315Rx,EVERHOT,Australia,3120.0,2019-04-24 21:57:06
45,292400Rx,EVERHOT,Australia,3330.0,2019-04-24 21:57:06
46,292400Rx/BL,EVERHOT,Australia,3330.0,2019-04-24 21:57:06
47,Everhot 400L TE Electric Storage 292400Rx,EVERHOT,Australia,3330.0,2019-04-24 21:57:06
48,292250Rx/BL,EVERHOT,Australia,2840.0,2019-04-24 21:57:06
49,Everhot 250L TE Electric Storage 292250Rx/BL,EVERHOT,Australia,2840.0,2019-04-24 21:57:06
50,SF0501T36,Superflow,China,1280.0,2019-04-24 21:57:06
51,SF0801T18,Superflow,China,1450.0,2019-04-24 21:57:06
52,SF1601T24,Superflow,China,1980.0,2019-04-24 21:57:06
53,SF2501T36,Superflow,China,2020.0,2019-04-24 21:57:06
54,SF3151T36,Superflow,China,2650.0,2019-04-24 21:57:06
55,SF4001T36,Superflow,China,2880.0,2019-04-24 21:57:06
56,250THM,Thermann,Australia,2266.0,2019-04-24 21:57:06
57,250THM118,Thermann,Australia,2266.0,2019-04-24 21:57:06
58,250THM118H,Thermann,Australia,2266.0,2019-04-24 21:57:06
59,250THM124,Thermann,Australia,2266.0,2019-04-24 21:57:06
60,250THM124H,Thermann,Australia,2266.0,2019-04-24 21:57:06
61,250THM136,Thermann,Australia,2266.0,2019-04-24 21:57:06
62,250THM136H,Thermann,Australia,2266.0,2019-04-24 21:57:06
63,250THM148,Thermann,Australia,2266.0,2019-04-24 21:57:06
64,250THM148H,Thermann,Australia,2266.0,2019-04-24 21:57:06
65,250THMB136,Thermann,Australia,2266.0,2019-04-24 21:57:06
66,250THMB136H,Thermann,Australia,2266.0,2019-04-24 21:57:06
67,315THM,Thermann,Australia,2693.0,2019-04-24 21:57:06
68,315THM124,Thermann,Australia,2693.0,2019-04-24 21:57:06
69,315THM136,Thermann,Australia,2693.0,2019-04-24 21:57:06
70,315THM136H,Thermann,Australia,2693.0,2019-04-24 21:57:06
71,315THM148,Thermann,Australia,2693.0,2019-04-24 21:57:06
72,315THM148H,Thermann,Australia,2693.0,2019-04-24 21:57:06
73,315THMB136,Thermann,Australia,2693.0,2019-04-24 21:57:06
74,315THMB136H,Thermann,Australia,2693.0,2019-04-24 21:57:06
75,400THM,Thermann,Australia,2832.0,2019-04-24 21:57:06
76,400THM136,Thermann,Australia,2832.0,2019-04-24 21:57:06
77,400THM136H,Thermann,Australia,2832.0,2019-04-24 21:57:06
78,400THM148,Thermann,Australia,2832.0,2019-04-24 21:57:06
79,400THM148H,Thermann,Australia,2832.0,2019-04-24 21:57:06
80,400THMB136,Thermann,Australia,2832.0,2019-04-24 21:57:06
81,400THMB136H,Thermann,Australia,2832.0,2019-04-24 21:57:06
82,Aquamax 50L Stainless Steel,AQUAMAX,Australia,1450.0,2019-04-24 21:57:06
83,E50S18-SS,AQUAMAX,Australia,1450.0,2019-04-24 21:57:06
84,E50S18-SSL,AQUAMAX,Australia,1450.0,2019-04-24 21:57:06
85,E50S24-SS,AQUAMAX,Australia,1450.0,2019-04-24 21:57:06
86,E50S24-SSL,AQUAMAX,Australia,1450.0,2019-04-24 21:57:06
87,E50S36-SS,AQUAMAX,Australia,1450.0,2019-04-24 21:57:06
88,4A1050M4,RHEEM,Australia,1450.0,2019-04-24 21:57:06
89,4A1050M4/P,RHEEM,Australia,1450.0,2019-04-24 21:57:06
90,4A1050M5,RHEEM,Australia,1450.0,2019-04-24 21:57:06
91,4A1050M5/P,RHEEM,Australia,1450.0,2019-04-24 21:57:06
92,4A1050M6,RHEEM,Australia,1450.0,2019-04-24 21:57:06
93,4A1050M7,RHEEM,Australia,1450.0,2019-04-24 21:57:06
94,Rheem 50L Stainless Steel,RHEEM,Australia,1450.0,2019-04-24 21:57:06
95,111080,RHEEM,Australia,1670.0,2019-04-24 21:57:06
96,171080,RHEEM,Australia,1670.0,2019-04-24 21:57:06
97,Rheem Electric 80L,RHEEM,Australia,1670.0,2019-04-24 21:57:06
98,6610800x,VULCAN,Australia,1670.0,2019-04-24 21:57:06
99,6710800x,VULCAN,Australia,1670.0,2019-04-24 21:57:06
100,Vulcan Electric 80L,VULCAN,Australia,1670.0,2019-04-24 21:57:06
101,111250,RHEEM,Australia,2580.0,2019-04-24 21:57:06
102,411250,RHEEM,Australia,2580.0,2019-04-24 21:57:06
103,Rheem Electric 250L,RHEEM,Australia,2580.0,2019-04-24 21:57:06
104,6612500x,VULCAN,Australia,2580.0,2019-04-24 21:57:06
105,111315,RHEEM,Australia,2860.0,2019-04-24 21:57:06
106,411315,RHEEM,Australia,2860.0,2019-04-24 21:57:06
107,Rheem 315L Electric,RHEEM,Australia,2860.0,2019-04-24 21:57:06
108,6613150x,VULCAN,Australia,2860.0,2019-04-24 21:57:06
109,2513150x,EVERHOT,Australia,2860.0,2019-04-24 21:57:06
110,111400,RHEEM,Australia,3070.0,2019-04-24 21:57:06
111,411400,RHEEM,Australia,3070.0,2019-04-24 21:57:06
112,Rheem Electric 400L,RHEEM,Australia,3070.0,2019-04-24 21:57:06
113,661400,VULCAN,Australia,3070.0,2019-04-24 21:57:06
114,32525005-0A,RHEEM,Australia,2040.0,2019-04-24 21:57:06
115,32525005-0HA,RHEEM,Australia,2040.0,2019-04-24 21:57:06
116,325250xx-0xA,RHEEM,Australia,2040.0,2019-04-24 21:57:06
117,32530005-0A,RHEEM,Australia,2316.9999999999995,2019-04-24 21:57:06
118,32530005-0HA,RHEEM,Australia,2316.9999999999995,2019-04-24 21:57:06
119,325300xx-0xA,RHEEM,Australia,2316.9999999999995,2019-04-24 21:57:06
120,191045Vx,Rheem,Vietnam,1380.0,2019-04-24 21:57:06
121,191045Vx/BL,Rheem,Vietnam,1380.0,2019-04-24 21:57:06
122,191045Vx/P,Rheem,Vietnam,1380.0,2019-04-24 21:57:06
123,45L Rheem Electric Storage,Rheem,Vietnam,1380.0,2019-04-24 21:57:06
124,AP315GL336,Apricus Australia,China,3320.0,2019-04-24 21:57:06
125,1111600x,Rheem,Australia,2160.0,2019-04-24 21:57:06
126,AP315GL348,Apricus Australia,China,3320.0,2019-04-24 21:57:06
127,191025Vx,Rheem,Vietnam,1240.0,2019-04-24 21:57:06
128,191025Vx/BL,Rheem,Vietnam,1240.0,2019-04-24 21:57:06
129,191025Vx/P,Rheem,Vietnam,1240.0,2019-04-24 21:57:06
130,25L Rheem Electric  Storage,Rheem,Vietnam,1240.0,2019-04-24 21:57:06
131,25L Everhot Electric Storage,Everhot,Vietnam,1240.0,2019-04-24 21:57:06
132,291025Vx,Everhot,Vietnam,1240.0,2019-04-24 21:57:06
133,291025Vx/BL,Everhot,Vietnam,1240.0,2019-04-24 21:57:06
134,291025Vx/P,Everhot,Vietnam,1240.0,2019-04-24 21:57:06
135,PT120,PROTANK,United Kingdom,1280.0,2019-04-24 21:57:06
136,PT180,PROTANK,United Kingdom,1700.0,2019-04-24 21:57:06
137,PT300,PROTANK,United Kingdom,2340.0,2019-04-24 21:57:06
138,PT350,PROTANK,United Kingdom,2240.0,2019-04-24 21:57:06
139,PT400,PROTANK,United Kingdom,2210.0,2019-04-24 21:57:06
140,PT250,PROTANK,United Kingdom,2090.0,2019-04-24 21:57:06
141,E250S24,AQUAMAX,Australia,2580.0,2019-04-24 21:57:06
142,E250S24-HWA,AQUAMAX,Australia,2580.0,2019-04-24 21:57:06
143,E250S24-TEN,AQUAMAX,Australia,2580.0,2019-04-24 21:57:06
144,E250S36,AQUAMAX,Australia,2580.0,2019-04-24 21:57:06
145,E250S36-HWA,AQUAMAX,Australia,2580.0,2019-04-24 21:57:06
146,E250S36-TEN,AQUAMAX,Australia,2580.0,2019-04-24 21:57:06
147,E250S48,AQUAMAX,Australia,2580.0,2019-04-24 21:57:06
148,E250S48-HWA,AQUAMAX,Australia,2580.0,2019-04-24 21:57:06
149,E250S48-TEN,AQUAMAX,Australia,2580.0,2019-04-24 21:57:06
150,Electric 250L Water Heater,AQUAMAX,Australia,2580.0,2019-04-24 21:57:06
151,E315T36,AQUAMAX,Australia,2449.0,2019-04-24 21:57:06
152,E315T36-HWA,AQUAMAX,Australia,2449.0,2019-04-24 21:57:06
153,E315T36-TEN,AQUAMAX,Australia,2449.0,2019-04-24 21:57:06
154,E315T48,AQUAMAX,Australia,2449.0,2019-04-24 21:57:06
155,E315T48-HWA,AQUAMAX,Australia,2449.0,2019-04-24 21:57:06
156,E315T48-TEN,AQUAMAX,Australia,2449.0,2019-04-24 21:57:06
157,Electric Storage 315L Twin Element,AQUAMAX,Australia,2449.0,2019-04-24 21:57:06
158,E315S36,AQUAMAX,Australia,2860.0,2019-04-24 21:57:06
159,E315S36-HWA,AQUAMAX,Australia,2860.0,2019-04-24 21:57:06
160,E315S36-TEN,AQUAMAX,Australia,2860.0,2019-04-24 21:57:06
161,E315S48,AQUAMAX,Australia,2860.0,2019-04-24 21:57:06
162,E315S48-HWA,AQUAMAX,Australia,2860.0,2019-04-24 21:57:06
163,E315S48-TEN,AQUAMAX,Australia,2860.0,2019-04-24 21:57:06
164,Electric 315L Water Heater,AQUAMAX,Australia,2860.0,2019-04-24 21:57:06
165,E160S24,AQUAMAX,Australia,2160.0,2019-04-24 21:57:06
166,E160S24-HWA,AQUAMAX,Australia,2160.0,2019-04-24 21:57:06
167,E160S36,AQUAMAX,Australia,2160.0,2019-04-24 21:57:06
168,E160S36-HWA,AQUAMAX,Australia,2160.0,2019-04-24 21:57:06
169,E160S48,AQUAMAX,Australia,2160.0,2019-04-24 21:57:06
170,E160S48-HWA,AQUAMAX,Australia,2160.0,2019-04-24 21:57:06
171,Electric 160L Water Heater,AQUAMAX,Australia,2160.0,2019-04-24 21:57:06
172,E160T24,AQUAMAX,Australia,2031.0000000000002,2019-04-24 21:57:06
173,E160T24-HWA,AQUAMAX,Australia,2031.0000000000002,2019-04-24 21:57:06
174,E160T36,AQUAMAX,Australia,2031.0000000000002,2019-04-24 21:57:06
175,E160T36-HWA,AQUAMAX,Australia,2031.0000000000002,2019-04-24 21:57:06
176,E160T48,AQUAMAX,Australia,2031.0000000000002,2019-04-24 21:57:06
177,E160T48-HWA,AQUAMAX,Australia,2031.0000000000002,2019-04-24 21:57:06
178,Electric 160L Twin Element Water Heater,AQUAMAX,Australia,2031.0000000000002,2019-04-24 21:57:06
179,E400S36,AQUAMAX,Australia,3070.0,2019-04-24 21:57:06
180,E400S36-HWA,AQUAMAX,Australia,3070.0,2019-04-24 21:57:06
181,E400S36-TEN,AQUAMAX,Australia,3070.0,2019-04-24 21:57:06
182,E400S48,AQUAMAX,Australia,3070.0,2019-04-24 21:57:06
183,E400S48-HWA,AQUAMAX,Australia,3070.0,2019-04-24 21:57:06
184,E400S48-TEN,AQUAMAX,Australia,3070.0,2019-04-24 21:57:06
185,Electric 400L Water Heater,AQUAMAX,Australia,3070.0,2019-04-24 21:57:06
186,E400T36,AQUAMAX,Australia,3270.0,2019-04-24 21:57:06
187,E400T36-HWA,AQUAMAX,Australia,3270.0,2019-04-24 21:57:06
188,E400T36-TEN,AQUAMAX,Australia,3270.0,2019-04-24 21:57:06
189,E400T48,AQUAMAX,Australia,3270.0,2019-04-24 21:57:06
190,E400T48-HWA,AQUAMAX,Australia,3270.0,2019-04-24 21:57:06
191,E400T48-TEN,AQUAMAX,Australia,3270.0,2019-04-24 21:57:06
192,Electric 400L Twin Element Water Heater,AQUAMAX,Australia,3270.0,2019-04-24 21:57:06
193,E80S18,AQUAMAX,Australia,1285.0,2019-04-24 21:57:06
194,E80S18-HWA,AQUAMAX,Australia,1285.0,2019-04-24 21:57:06
195,E80S24,AQUAMAX,Australia,1285.0,2019-04-24 21:57:06
196,E80S24-HWA,AQUAMAX,Australia,1285.0,2019-04-24 21:57:06
197,E80S36,AQUAMAX,Australia,1285.0,2019-04-24 21:57:06
198,E80S36-HWA,AQUAMAX,Australia,1285.0,2019-04-24 21:57:06
199,E80S48,AQUAMAX,Australia,1285.0,2019-04-24 21:57:06
200,E80S48-HWA,AQUAMAX,Australia,1285.0,2019-04-24 21:57:06
201,Electric 80L,AQUAMAX,Australia,1285.0,2019-04-24 21:57:06
202,E250T36,AQUAMAX,Australia,2780.0,2019-04-24 21:57:06
203,E250T36-HWA,AQUAMAX,Australia,2780.0,2019-04-24 21:57:06
204,E250T36-TEN,AQUAMAX,Australia,2780.0,2019-04-24 21:57:06
205,E250T48,AQUAMAX,Australia,2780.0,2019-04-24 21:57:06
206,E250T48-HWA,AQUAMAX,Australia,2780.0,2019-04-24 21:57:06
207,E250T48-TEN,AQUAMAX,Australia,2780.0,2019-04-24 21:57:06
208,Electric Storage 250L Twin Element,AQUAMAX,Australia,2780.0,2019-04-24 21:57:06
209,162315,RHEEM,Australia,3060.0,2019-04-24 21:57:06
210,462315,RHEEM,Australia,3060.0,2019-04-24 21:57:06
211,Twin Element Storage Water Heater,RHEEM,Australia,3060.0,2019-04-24 21:57:06
212,616315,RHEEM,Australia,3860.0,2019-04-24 21:57:06
213,613315,RHEEM,Australia,3260.0,2019-04-24 21:57:06
214,662315,VULCAN,Australia,3060.0,2019-04-24 21:57:06
215,1110250x,Rheem,Australia,1180.0,2019-04-24 21:57:06
216,1710250x,Rheem,Australia,1180.0,2019-04-24 21:57:06
217,Electric Storage 25L 1110250*,Rheem,Australia,1180.0,2019-04-24 21:57:06
218,121315,RHEEM PLUS,Australia,2860.0,2019-04-24 21:57:06
219,E160S24X,AQUAMAX,Australia,1649.0,2019-04-24 21:57:06
220,E160S24X-HWA,AQUAMAX,Australia,1649.0,2019-04-24 21:57:06
221,E160S36X,AQUAMAX,Australia,1649.0,2019-04-24 21:57:06
222,E160S36X-HWA,AQUAMAX,Australia,1649.0,2019-04-24 21:57:06
223,E160S48X,AQUAMAX,Australia,1649.0,2019-04-24 21:57:06
224,E160S48X-HWA,AQUAMAX,Australia,1649.0,2019-04-24 21:57:06
225,Electric Water Heater 160L,AQUAMAX,Australia,1649.0,2019-04-24 21:57:06
226,613050,RHEEM,Australia,1790.0,2019-04-24 21:57:06
227,2A1250M5,Everhot,Australia,2580.0,2019-04-24 21:57:06
228,2A1250M7,Everhot,Australia,2580.0,2019-04-24 21:57:06
229,2A1250M8,Everhot,Australia,2580.0,2019-04-24 21:57:06
230,Everhot Single 250 SS,Everhot,Australia,2580.0,2019-04-24 21:57:06
231,2A1315M5,Everhot,Australia,2860.0,2019-04-24 21:57:06
232,2A1315M7,Everhot,Australia,2860.0,2019-04-24 21:57:06
233,2A1315M8,Everhot,Australia,2860.0,2019-04-24 21:57:06
234,Everhot Single 315 SS,Everhot,Australia,2860.0,2019-04-24 21:57:06
235,2A1050M4,Everhot,Australia,1450.0,2019-04-24 21:57:06
236,2A1050M4/P,Everhot,Australia,1450.0,2019-04-24 21:57:06
237,2A1050M5,Everhot,Australia,1450.0,2019-04-24 21:57:06
238,2A1050M5/P,Everhot,Australia,1450.0,2019-04-24 21:57:06
239,2A1050M6,Everhot,Australia,1450.0,2019-04-24 21:57:06
240,2A1050M7,Everhot,Australia,1450.0,2019-04-24 21:57:06
241,Everhot 50L Stainless Steel,Everhot,Australia,1450.0,2019-04-24 21:57:06
242,6230500x,EVERHOT,Australia,1790.0,2019-04-24 21:57:06
243,6233150x,EVERHOT,Australia,3260.0,2019-04-24 21:57:06
244,AP250GLE,Apricus,Australia,2640.0,2019-04-24 21:57:06
245,TH250GLE,Thermann,Australia,2640.0,2019-04-24 21:57:06
246,AP315GLE,Apricus,Australia,2920.0,2019-04-24 21:57:06
247,TH315GLE,Thermann,Australia,2920.0,2019-04-24 21:57:06
248,AP400GLE,Apricus,Australia,3130.0,2019-04-24 21:57:06
249,TH400GLE,Thermann,Australia,3130.0,2019-04-24 21:57:06
250,QRE315,RINNAI,Australia,3320.0,2019-04-24 21:57:06
251,QRE315SS336,RINNAI,Australia,3320.0,2019-04-24 21:57:06
252,QRE315SS348,RINNAI,Australia,3320.0,2019-04-24 21:57:06
253,QRE315SS360,RINNAI,Australia,3320.0,2019-04-24 21:57:06
254,SHC,Stiebel Eltron,Germany,790.0,2019-04-24 21:57:06
255,SHC10,Stiebel Eltron,Germany,790.0,2019-04-24 21:57:06
256,SHC15,Stiebel Eltron,Germany,790.0,2019-04-24 21:57:06
257,160S124,Dux Proflo,Australia,2220.0,2019-04-24 21:57:06
258,160S136,Dux Proflo,Australia,2220.0,2019-04-24 21:57:06
259,160T124,Dux Proflo,Australia,2220.0,2019-04-24 21:57:06
260,160T124H,Dux Proflo,Australia,2220.0,2019-04-24 21:57:06
261,160T136,Dux Proflo,Australia,2220.0,2019-04-24 21:57:06
262,160T136H,Dux Proflo,Australia,2220.0,2019-04-24 21:57:06
263,160X1,Dux Proflo,Australia,2220.0,2019-04-24 21:57:06
264,160A1,Radiant,Australia,2220.0,2019-04-24 21:57:06
265,160A124,Radiant,Australia,2220.0,2019-04-24 21:57:06
266,160A136,Radiant,Australia,2220.0,2019-04-24 21:57:06
267,250S136,Dux Proflo,Australia,2640.0,2019-04-24 21:57:06
268,250T136,Dux Proflo,Australia,2640.0,2019-04-24 21:57:06
269,250X1,Dux Proflo,Australia,2640.0,2019-04-24 21:57:06
270,400S136,Dux Proflo,Australia,2675.0,2019-04-24 21:57:06
271,400S236,Dux Proflo,Australia,2675.0,2019-04-24 21:57:06
272,400T136,Dux Proflo,Australia,2675.0,2019-04-24 21:57:06
273,400T236,Dux Proflo,Australia,2675.0,2019-04-24 21:57:06
274,400X,Dux Proflo,Australia,2675.0,2019-04-24 21:57:06
275,80F1,Dux Proflo,Australia,1730.0,2019-04-24 21:57:06
276,80F118G,Dux Proflo,Australia,1730.0,2019-04-24 21:57:06
277,80F124G,Dux Proflo,Australia,1730.0,2019-04-24 21:57:06
278,80F136G,Dux Proflo,Australia,1730.0,2019-04-24 21:57:06
279,315A136,Radiant,Australia,2452.0,2019-04-24 21:57:06
280,315S136,Dux Proflo,Australia,2720.0,2019-04-24 21:57:06
281,315S236,Dux Proflo,Australia,2720.0,2019-04-24 21:57:06
282,315S248,Dux Proflo,Australia,2720.0,2019-04-24 21:57:06
283,315T136,Dux Proflo,Australia,2720.0,2019-04-24 21:57:06
284,315T136H,Dux Proflo,Australia,2720.0,2019-04-24 21:57:06
285,315T236,Dux Proflo,Australia,2720.0,2019-04-24 21:57:06
286,315T236H,Dux Proflo,Australia,2720.0,2019-04-24 21:57:06
287,315T248,Dux Proflo,Australia,2720.0,2019-04-24 21:57:06
288,315T248H,Dux Proflo,Australia,2720.0,2019-04-24 21:57:06
289,315X,Dux Proflo,Australia,2720.0,2019-04-24 21:57:06
290,25S1,Dux Proflo,China,1063.0,2019-04-24 21:57:06
291,25S118,Dux Proflo,China,1063.0,2019-04-24 21:57:06
292,25S118H,Dux Proflo,China,1063.0,2019-04-24 21:57:06
293,25S118P,Dux Proflo,China,1063.0,2019-04-24 21:57:06
294,25S118PH,Dux Proflo,China,1063.0,2019-04-24 21:57:06
295,25S124,Dux Proflo,China,1063.0,2019-04-24 21:57:06
296,25S124H,Dux Proflo,China,1063.0,2019-04-24 21:57:06
297,25S124P,Dux Proflo,China,1063.0,2019-04-24 21:57:06
298,25S124PH,Dux Proflo,China,1063.0,2019-04-24 21:57:06
299,25S136,Dux Proflo,China,1063.0,2019-04-24 21:57:06
300,25S136H,Dux Proflo,China,1063.0,2019-04-24 21:57:06
301,50S1,Dux Proflo,China,1361.0,2019-04-24 21:57:06
302,50S118,Dux Proflo,China,1361.0,2019-04-24 21:57:06
303,50S118H,Dux Proflo,China,1361.0,2019-04-24 21:57:06
304,50S118P,Dux Proflo,China,1361.0,2019-04-24 21:57:06
305,50S118PH,Dux Proflo,China,1361.0,2019-04-24 21:57:06
306,50S124,Dux Proflo,China,1361.0,2019-04-24 21:57:06
307,50S124H,Dux Proflo,China,1361.0,2019-04-24 21:57:06
308,50S124P,Dux Proflo,China,1361.0,2019-04-24 21:57:06
309,50S124PH,Dux Proflo,China,1361.0,2019-04-24 21:57:06
310,50S136,Dux Proflo,China,1361.0,2019-04-24 21:57:06
311,50S136H,Dux Proflo,China,1361.0,2019-04-24 21:57:06
312,181080Vx,Rheem,Vietnam,1730.0,2019-04-24 21:57:06
313,181080Vx/BL,Rheem,Vietnam,1730.0,2019-04-24 21:57:06
314,181080Vx/P,Rheem,Vietnam,1730.0,2019-04-24 21:57:06
315,80L Rheem Electric Storage,Rheem,Vietnam,1730.0,2019-04-24 21:57:06
316,281080Vx,Everhot,Vietnam,1730.0,2019-04-24 21:57:06
317,281080Vx/BL,Everhot,Vietnam,1730.0,2019-04-24 21:57:06
318,281080Vx/P,Everhot,Vietnam,1730.0,2019-04-24 21:57:06
319,80L Everhot Electric Storage,Everhot,Vietnam,1730.0,2019-04-24 21:57:06
320,601080Vx,VULCAN,Vietnam,1730.0,2019-04-24 21:57:06
321,601080Vx/BL,VULCAN,Vietnam,1730.0,2019-04-24 21:57:06
322,601080Vx/P,VULCAN,Vietnam,1730.0,2019-04-24 21:57:06
323,80L Vulcan Electric Storage,VULCAN,Vietnam,1730.0,2019-04-24 21:57:06
324,80L AquaMAX Electric Storage,AquaMax,Vietnam,1730.0,2019-04-24 21:57:06
325,981080Vx,AquaMax,Vietnam,1730.0,2019-04-24 21:57:06
326,981080Vx/BL,AquaMax,Vietnam,1730.0,2019-04-24 21:57:06
327,981080Vx/P,AquaMax,Vietnam,1730.0,2019-04-24 21:57:06
328,292039,Atlantic,France,2120.0,2019-04-24 21:57:06
329,50THMS1,Thermann,China,1361.0,2019-04-24 21:57:06
330,50THMS118,Thermann,China,1361.0,2019-04-24 21:57:06
331,50THMS118H,Thermann,China,1361.0,2019-04-24 21:57:06
332,50THMS118P,Thermann,China,1361.0,2019-04-24 21:57:06
333,50THMS118PH,Thermann,China,1361.0,2019-04-24 21:57:06
334,50THMS124P,Thermann,China,1361.0,2019-04-24 21:57:06
335,50THMS124PH,Thermann,China,1361.0,2019-04-24 21:57:06
336,50THMS136,Thermann,China,1361.0,2019-04-24 21:57:06
337,50THMS136H,Thermann,China,1361.0,2019-04-24 21:57:06
338,25THMS1,Thermann,China,1063.0,2019-04-24 21:57:06
339,25THMS118,Thermann,China,1063.0,2019-04-24 21:57:06
340,25THMS118H,Thermann,China,1063.0,2019-04-24 21:57:06
341,25THMS118P,Thermann,China,1063.0,2019-04-24 21:57:06
342,25THMS118PH,Thermann,China,1063.0,2019-04-24 21:57:06
343,25THMS124P,Thermann,China,1063.0,2019-04-24 21:57:06
344,25THMS124PH,Thermann,China,1063.0,2019-04-24 21:57:06
345,25THMS136,Thermann,China,1063.0,2019-04-24 21:57:06
346,25THMS136H,Thermann,China,1063.0,2019-04-24 21:57:06
347,C270*,Quantum,China,0.0,2019-04-24 21:57:06
348,C270-24SV1,Quantum,China,0.0,2019-04-24 21:57:06
349,C270-36SV1,Quantum,China,0.0,2019-04-24 21:57:06
350,400S,RINNAI,China,3070.0,2019-04-24 21:57:06
351,FM400S24,RINNAI,China,3070.0,2019-04-24 21:57:06
352,FM400S36,RINNAI,China,3070.0,2019-04-24 21:57:06
353,FM400S48,RINNAI,China,3070.0,2019-04-24 21:57:06
354,HFE400S24,RINNAI,China,3070.0,2019-04-24 21:57:06
355,HFE400S36,RINNAI,China,3070.0,2019-04-24 21:57:06
356,HFE400S48,RINNAI,China,3070.0,2019-04-24 21:57:06
357,200S,RINNAI,China,2370.0,2019-04-24 21:57:06
358,FM200S24,RINNAI,China,2370.0,2019-04-24 21:57:06
359,FM200S36,RINNAI,China,2370.0,2019-04-24 21:57:06
360,FM200S48,RINNAI,China,2370.0,2019-04-24 21:57:06
361,HFE200S24,RINNAI,China,2370.0,2019-04-24 21:57:06
362,HFE200S36,RINNAI,China,2370.0,2019-04-24 21:57:06
363,HFE200S48,RINNAI,China,2370.0,2019-04-24 21:57:06
364,160S,RINNAI,China,2160.0,2019-04-24 21:57:06
365,FM160S18,RINNAI,China,2160.0,2019-04-24 21:57:06
366,FM160S24,RINNAI,China,2160.0,2019-04-24 21:57:06
367,FM160S36,RINNAI,China,2160.0,2019-04-24 21:57:06
368,FM160S48,RINNAI,China,2160.0,2019-04-24 21:57:06
369,HFE160S18,RINNAI,China,2160.0,2019-04-24 21:57:06
370,HFE160S24,RINNAI,China,2160.0,2019-04-24 21:57:06
371,HFE160S36,RINNAI,China,2160.0,2019-04-24 21:57:06
372,HFE160S48,RINNAI,China,2160.0,2019-04-24 21:57:06
373,125S,RINNAI,China,1950.0,2019-04-24 21:57:06
374,FM125S18,RINNAI,China,1950.0,2019-04-24 21:57:06
375,FM125S24,RINNAI,China,1950.0,2019-04-24 21:57:06
376,FM125S36,RINNAI,China,1950.0,2019-04-24 21:57:06
377,FM125S48,RINNAI,China,1950.0,2019-04-24 21:57:06
378,HFE125S18,RINNAI,China,1950.0,2019-04-24 21:57:06
379,HFE125S24,RINNAI,China,1950.0,2019-04-24 21:57:06
380,HFE125S36,RINNAI,China,1950.0,2019-04-24 21:57:06
381,HFE125S48,RINNAI,China,1950.0,2019-04-24 21:57:06
382,80S,RINNAI,China,1730.0,2019-04-24 21:57:06
383,FM80S18,RINNAI,China,1730.0,2019-04-24 21:57:06
384,FM80S24,RINNAI,China,1730.0,2019-04-24 21:57:06
385,FM80S36,RINNAI,China,1730.0,2019-04-24 21:57:06
386,FM80S48,RINNAI,China,1730.0,2019-04-24 21:57:06
387,HFE80S18,RINNAI,China,1730.0,2019-04-24 21:57:06
388,HFE80S24,RINNAI,China,1730.0,2019-04-24 21:57:06
389,HFE80S36,RINNAI,China,1730.0,2019-04-24 21:57:06
390,HFE80S48,RINNAI,China,1730.0,2019-04-24 21:57:06
391,C340*,Quantum,China,0.0,2019-04-24 21:57:06
392,C340-24SV1,Quantum,China,0.0,2019-04-24 21:57:06
393,C340-36SV1,Quantum,China,0.0,2019-04-24 21:57:06
394,125L Rheem Electric Storage,Rheem,Vietnam,2009.9999999999998,2019-04-24 21:57:06
395,181125Vx,Rheem,Vietnam,2009.9999999999998,2019-04-24 21:57:06
396,181125Vx/BL,Rheem,Vietnam,2009.9999999999998,2019-04-24 21:57:06
397,181125Vx/P,Rheem,Vietnam,2009.9999999999998,2019-04-24 21:57:06
398,125L Everhot Electric Storage,Everhot,Vietnam,2009.9999999999998,2019-04-24 21:57:06
399,281125Vx,Everhot,Vietnam,2009.9999999999998,2019-04-24 21:57:06
400,281125Vx/BL,Everhot,Vietnam,2009.9999999999998,2019-04-24 21:57:06
401,281125Vx/P,Everhot,Vietnam,2009.9999999999998,2019-04-24 21:57:06
402,125L Vulcan Electric Storage,VULCAN,Vietnam,2009.9999999999998,2019-04-24 21:57:06
403,601125Vx,VULCAN,Vietnam,2009.9999999999998,2019-04-24 21:57:06
404,601125Vx/BL,VULCAN,Vietnam,2009.9999999999998,2019-04-24 21:57:06
405,601125Vx/P,VULCAN,Vietnam,2009.9999999999998,2019-04-24 21:57:06
406,125L AquaMax Electric Storage,AquaMax,Vietnam,2009.9999999999998,2019-04-24 21:57:06
407,981125Vx,AquaMax,Vietnam,2009.9999999999998,2019-04-24 21:57:06
408,981125Vx/BL,AquaMax,Vietnam,2009.9999999999998,2019-04-24 21:57:06
409,981125Vx/P,AquaMax,Vietnam,2009.9999999999998,2019-04-24 21:57:06
410,250S (A),RINNAI,Australia,2420.0,2019-04-24 21:57:06
411,EHFA250S24,RINNAI,Australia,2420.0,2019-04-24 21:57:06
412,EHFA250S24H,RINNAI,Australia,2420.0,2019-04-24 21:57:06
413,EHFA250S36,RINNAI,Australia,2420.0,2019-04-24 21:57:06
414,EHFA250S36H,RINNAI,Australia,2420.0,2019-04-24 21:57:06
415,EHFA250S48,RINNAI,Australia,2420.0,2019-04-24 21:57:06
416,EHFA250S48H,RINNAI,Australia,2420.0,2019-04-24 21:57:06
417,250T (A),RINNAI,Australia,2840.0,2019-04-24 21:57:06
418,EHFA250T24,RINNAI,Australia,2840.0,2019-04-24 21:57:06
419,EHFA250T24H,RINNAI,Australia,2840.0,2019-04-24 21:57:06
420,EHFA250T36,RINNAI,Australia,2840.0,2019-04-24 21:57:06
421,EHFA250T36H,RINNAI,Australia,2840.0,2019-04-24 21:57:06
422,EHFA250T48,RINNAI,Australia,2840.0,2019-04-24 21:57:06
423,EHFA250T48H,RINNAI,Australia,2840.0,2019-04-24 21:57:06
424,250S,RINNAI,China,2640.0,2019-04-24 21:57:06
425,FM250S18,RINNAI,China,2640.0,2019-04-24 21:57:06
426,FM250S24,RINNAI,China,2640.0,2019-04-24 21:57:06
427,FM250S36,RINNAI,China,2640.0,2019-04-24 21:57:06
428,FM250S48,RINNAI,China,2640.0,2019-04-24 21:57:06
429,HFE250SSL18,RINNAI,China,2640.0,2019-04-24 21:57:06
430,HFE250SSL24,RINNAI,China,2640.0,2019-04-24 21:57:06
431,HFE250SSL36,RINNAI,China,2640.0,2019-04-24 21:57:06
432,HFE250SSL48,RINNAI,China,2640.0,2019-04-24 21:57:06
433,315S,RINNAI,China,2920.0,2019-04-24 21:57:06
434,FM315S18,RINNAI,China,2920.0,2019-04-24 21:57:06
435,FM315S24,RINNAI,China,2920.0,2019-04-24 21:57:06
436,FM315S36,RINNAI,China,2920.0,2019-04-24 21:57:06
437,FM315S48,RINNAI,China,2920.0,2019-04-24 21:57:06
438,HFE315SSL18,RINNAI,China,2920.0,2019-04-24 21:57:06
439,HFE315SSL24,RINNAI,China,2920.0,2019-04-24 21:57:06
440,HFE315SSL36,RINNAI,China,2920.0,2019-04-24 21:57:06
441,HFE315SSL48,RINNAI,China,2920.0,2019-04-24 21:57:06
442,7716500234,Robert Bosch,China,1530.0,2019-04-24 21:57:06
443,7716500239,Robert Bosch,China,1810.0,2019-04-24 21:57:06
444,7716500244,Robert Bosch,China,2020.0,2019-04-24 21:57:06
445,315S (A),RINNAI,Australia,2920.0,2019-04-24 21:57:06
446,EHFA315S24,RINNAI,Australia,2920.0,2019-04-24 21:57:06
447,EHFA315S24H,RINNAI,Australia,2920.0,2019-04-24 21:57:06
448,EHFA315S36,RINNAI,Australia,2920.0,2019-04-24 21:57:06
449,EHFA315S36H,RINNAI,Australia,2920.0,2019-04-24 21:57:06
450,EHFA315S48,RINNAI,Australia,2920.0,2019-04-24 21:57:06
451,EHFA315S48H,RINNAI,Australia,2920.0,2019-04-24 21:57:06
452,7716500243,Robert Bosch,China,2020.0,2019-04-24 21:57:06
453,7716500242,Robert Bosch,China,2020.0,2019-04-24 21:57:06
454,7716500238,Robert Bosch,China,1810.0,2019-04-24 21:57:06
455,7716500237,Robert Bosch,China,1810.0,2019-04-24 21:57:06
456,7716500233,Robert Bosch,China,1530.0,2019-04-24 21:57:06
457,7716500232,Robert Bosch,China,1530.0,2019-04-24 21:57:06
458,7716500247,Robert Bosch,China,2440.0,2019-04-24 21:57:06
459,7716500248,Robert Bosch,China,2440.0,2019-04-24 21:57:06
460,7716500251,Robert Bosch,China,2720.0,2019-04-24 21:57:06
461,7716500252,Robert Bosch,China,2720.0,2019-04-24 21:57:06
462,7716500255,Robert Bosch,China,2930.0,2019-04-24 21:57:06
463,7716500256,Robert Bosch,China,2930.0,2019-04-24 21:57:06
464,80T,Dux Proflo,Australia,1297.0,2019-04-24 21:57:06
465,80T118,Dux Proflo,Australia,1297.0,2019-04-24 21:57:06
466,80T118H,Dux Proflo,Australia,1297.0,2019-04-24 21:57:06
467,80T124,Dux Proflo,Australia,1297.0,2019-04-24 21:57:06
468,80T124H,Dux Proflo,Australia,1297.0,2019-04-24 21:57:06
469,80T136,Dux Proflo,Australia,1297.0,2019-04-24 21:57:06
470,80T136H,Dux Proflo,Australia,1297.0,2019-04-24 21:57:06
471,125T1,Dux Proflo,Australia,1541.9999999999998,2019-04-24 21:57:06
472,125T118,Dux Proflo,Australia,1541.9999999999998,2019-04-24 21:57:06
473,125T118H,Dux Proflo,Australia,1541.9999999999998,2019-04-24 21:57:06
474,125T136,Dux Proflo,Australia,1541.9999999999998,2019-04-24 21:57:06
475,125T136H,Dux Proflo,Australia,1541.9999999999998,2019-04-24 21:57:06
476,D160S (A),RINNAI,Australia,1910.0,2019-04-24 21:57:06
477,EHFD160S24,RINNAI,Australia,1910.0,2019-04-24 21:57:06
478,EHFD160S24H,RINNAI,Australia,1910.0,2019-04-24 21:57:06
479,EHFD160S36,RINNAI,Australia,1910.0,2019-04-24 21:57:06
480,EHFD160S36H,RINNAI,Australia,1910.0,2019-04-24 21:57:06
481,25S,RINNAI,China,1240.0,2019-04-24 21:57:06
482,FM25S18P,RINNAI,China,1240.0,2019-04-24 21:57:06
483,FM25S24P,RINNAI,China,1240.0,2019-04-24 21:57:06
484,FM25S36,RINNAI,China,1240.0,2019-04-24 21:57:06
485,FM25S48,RINNAI,China,1240.0,2019-04-24 21:57:06
486,HFE25S18P,RINNAI,China,1240.0,2019-04-24 21:57:06
487,HFE25S24P,RINNAI,China,1240.0,2019-04-24 21:57:06
488,HFE25S36,RINNAI,China,1240.0,2019-04-24 21:57:06
489,HFE25S48,RINNAI,China,1240.0,2019-04-24 21:57:06
490,50S,RINNAI,China,1450.0,2019-04-24 21:57:06
491,FM50S18P,RINNAI,China,1450.0,2019-04-24 21:57:06
492,FM50S24P,RINNAI,China,1450.0,2019-04-24 21:57:06
493,FM50S36,RINNAI,China,1450.0,2019-04-24 21:57:06
494,FM50S48,RINNAI,China,1450.0,2019-04-24 21:57:06
495,HFE50S18P,RINNAI,China,1450.0,2019-04-24 21:57:06
496,HFE50S24P,RINNAI,China,1450.0,2019-04-24 21:57:06
497,HFE50S36,RINNAI,China,1450.0,2019-04-24 21:57:06
498,HFE50S48,RINNAI,China,1450.0,2019-04-24 21:57:06
499,Aquamax Twin Element E250TzzR,AquaMax,Australia,2780.0,2019-04-24 21:57:06
500,E250TzzR,AquaMax,Australia,2780.0,2019-04-24 21:57:06
501,E250TzzR-HWA,AquaMax,Australia,2780.0,2019-04-24 21:57:06
502,E250TzzR-TEN,AquaMax,Australia,2780.0,2019-04-24 21:57:06
503,E250TzzR-TEN-HWA,AquaMax,Australia,2780.0,2019-04-24 21:57:06
504,AquaMax Single Element E250SzzR,AquaMax,Australia,2580.0,2019-04-24 21:57:06
505,E250SzzR,AquaMax,Australia,2580.0,2019-04-24 21:57:06
506,E250SzzR-HWA,AquaMax,Australia,2580.0,2019-04-24 21:57:06
507,E250SzzR-TEN,AquaMax,Australia,2580.0,2019-04-24 21:57:06
508,E250SzzR-TEN-HWA,AquaMax,Australia,2580.0,2019-04-24 21:57:06
509,315T (A),RINNAI,Australia,3120.0,2019-04-24 21:57:06
510,EHFA315T36,RINNAI,Australia,3120.0,2019-04-24 21:57:06
511,EHFA315T36H,RINNAI,Australia,3120.0,2019-04-24 21:57:06
512,EHFA315T48,RINNAI,Australia,3120.0,2019-04-24 21:57:06
513,EHFA315T48H,RINNAI,Australia,3120.0,2019-04-24 21:57:06
514,ME090488E20,Rinnai,China,917.0,2019-04-24 21:57:06
515,ME09048830,Rinnai,China,917.0,2019-04-24 21:57:06
516,ME180488E30,Rinnai,China,1636.0,2019-04-24 21:57:06
517,ME135488E20,Rinnai,China,1254.0,2019-04-24 21:57:06
518,ME135488E30,Rinnai,China,1254.0,2019-04-24 21:57:06
519,ME34068536E,Rinnai,Taiwan,2200.0,2019-04-24 21:57:06
520,ME18059030,Rinnai,New Zealand,1492.0,2019-04-24 21:57:06
521,315PVV36/M,Solahart,Australia,3120.0,2019-04-24 21:57:06
522,7716500253,Robert Bosch,China,2650.0,2019-04-24 21:57:06
523,7716500254,Robert Bosch,China,2650.0,2019-04-24 21:57:06
524,Tronic 1000 T,Robert Bosch,China,2650.0,2019-04-24 21:57:06
525,7716500235,Robert Bosch,China,1230.0,2019-04-24 21:57:06
526,7716500236,Robert Bosch,China,1230.0,2019-04-24 21:57:06
527,Tronic 1000T,Robert Bosch,China,1230.0,2019-04-24 21:57:06
528,7716500249,Robert Bosch,China,2020.0,2019-04-24 21:57:06
529,7716500250,Robert Bosch,China,2020.0,2019-04-24 21:57:06
530,Tronic 1000T,Robert Bosch,China,2020.0,2019-04-24 21:57:06
531,7716500240,Robert Bosch,China,1550.0,2019-04-24 21:57:06
532,7716500241,Robert Bosch,China,1550.0,2019-04-24 21:57:06
533,Tronic 1000T,Robert Bosch,China,1550.0,2019-04-24 21:57:06
534,7716500245,Robert Bosch,China,1700.0,2019-04-24 21:57:06
535,7716500246,Robert Bosch,China,1700.0,2019-04-24 21:57:06
536,Tronic 1000T,Robert Bosch,China,1700.0,2019-04-24 21:57:06
537,180T124,Dux Hot Water,Australia,1739.0,2019-04-24 21:57:06
538,180T130,Dux Hot Water,Australia,1739.0,2019-04-24 21:57:06
539,Dux Hot Water Cylinders,Dux Hot Water,Australia,1739.0,2019-04-24 21:57:06
540,SF1251T18,Superflow,China,1710.0,2019-04-24 21:57:06
541,4A1315M7,RHEEM,Australia,2860.0,2019-04-24 21:57:06
542,4A1315M8,RHEEM,Australia,2860.0,2019-04-24 21:57:06
543,Rheem Single 315SS,RHEEM,Australia,2860.0,2019-04-24 21:57:06
544,4A1250M5,RHEEM,Australia,2580.0,2019-04-24 21:57:06
545,4A1250M7,RHEEM,Australia,2580.0,2019-04-24 21:57:06
546,4A1250M8,RHEEM,Australia,2580.0,2019-04-24 21:57:06
547,Rheem Single 250SS,RHEEM,Australia,2580.0,2019-04-24 21:57:06
548,4A1125M4,RHEEM,Australia,1950.0,2019-04-24 21:57:06
549,4A1125M5,RHEEM,Australia,1950.0,2019-04-24 21:57:06
550,4A1125M7,RHEEM,Australia,1950.0,2019-04-24 21:57:06
551,4A1125M8,RHEEM,Australia,1950.0,2019-04-24 21:57:06
552,Rheem Single 125SS,RHEEM,Australia,1950.0,2019-04-24 21:57:06
553,4A2315M7,RHEEM,Australia,3060.0,2019-04-24 21:57:06
554,4A2315M8,RHEEM,Australia,3060.0,2019-04-24 21:57:06
555,Rheem Twin 315SS,RHEEM,Australia,3060.0,2019-04-24 21:57:06
556,4A1160M4,RHEEM,Australia,2160.0,2019-04-24 21:57:06
557,4A1160M5,RHEEM,Australia,2160.0,2019-04-24 21:57:06
558,4A1160M7,RHEEM,Australia,2160.0,2019-04-24 21:57:06
559,4A1160M8,RHEEM,Australia,2160.0,2019-04-24 21:57:06
560,Rheem Single 160SS,RHEEM,Australia,2160.0,2019-04-24 21:57:06
561,4A1080M4,RHEEM,Australia,1670.0,2019-04-24 21:57:06
562,4A1080M5,RHEEM,Australia,1670.0,2019-04-24 21:57:06
563,4A1080M7,RHEEM,Australia,1670.0,2019-04-24 21:57:06
564,Rheem Single 80SS,RHEEM,Australia,1670.0,2019-04-24 21:57:06
565,4A2250M7,RHEEM,Australia,2780.0,2019-04-24 21:57:06
566,4A2250M8,RHEEM,Australia,2780.0,2019-04-24 21:57:06
567,Rheem Twin 250SS,RHEEM,Australia,2780.0,2019-04-24 21:57:06
568,4A2160M5,RHEEM,Australia,2360.0,2019-04-24 21:57:06
569,4A2160M7,RHEEM,Australia,2360.0,2019-04-24 21:57:06
570,4A2160M8,RHEEM,Australia,2360.0,2019-04-24 21:57:06
571,Rheem Twin 160SS,RHEEM,Australia,2360.0,2019-04-24 21:57:06
572,135T118,Dux Hot Water,Australia,1518.0,2019-04-24 21:57:06
573,135T130,Dux Hot Water,Australia,1518.0,2019-04-24 21:57:06
574,Dux Hot Water Cylinders,Dux Hot Water,Australia,1518.0,2019-04-24 21:57:06
575,IM1251T18,ASTI,China,1750.0,2019-04-24 21:57:06
576,IM2501T36,ASTI,China,2020.0,2019-04-24 21:57:06
577,IM4001T36,ASTI,China,2880.0,2019-04-24 21:57:06
578,IM3151T36,ASTI,China,2650.0,2019-04-24 21:57:06
579,421125Rx,Rheem PLUS,Australia,1950.0,2019-04-24 21:57:06
580,RIN25V2E,RINNAI,China,1150.0,2019-04-24 21:57:06
581,RIN25V2E18P,RINNAI,China,1150.0,2019-04-24 21:57:06
582,RIN25V2E24P,RINNAI,China,1150.0,2019-04-24 21:57:06
583,RIN25V2E36,RINNAI,China,1150.0,2019-04-24 21:57:06
584,RIN25V2E48,RINNAI,China,1150.0,2019-04-24 21:57:06
585,Dux Hot Water Cylinders,Thermann,Australia,1518.0,2019-04-24 21:57:06
586,N135THMB118,Thermann,Australia,1518.0,2019-04-24 21:57:06
587,N135THMB130,Thermann,Australia,1518.0,2019-04-24 21:57:06
588,Dux Hot Water Cylinders,Thermann,Australia,1739.0,2019-04-24 21:57:06
589,N180THMB124,Thermann,Australia,1739.0,2019-04-24 21:57:06
590,N180THMB130,Thermann,Australia,1739.0,2019-04-24 21:57:06
591,421160Rx,RHEEM PLUS,Australia,2160.0,2019-04-24 21:57:06
592,421250Rx,Rheem PLUS,Australia,2580.0,2019-04-24 21:57:06
593,421315Rx,Rheem PLUS,Australia,2860.0,2019-04-24 21:57:06
594,492315Rx,Rheem Optima,Australia,3120.0,2019-04-24 21:57:06
595,492315Rx/B,Rheem Optima,Australia,3120.0,2019-04-24 21:57:06
596,Rheem 315L TE Optima Electric Storage 492315Rx,Rheem Optima,Australia,3120.0,2019-04-24 21:57:06
597,192250Rx,RHEEM,Australia,2840.0,2019-04-24 21:57:06
598,192250Rx/B,RHEEM,Australia,2840.0,2019-04-24 21:57:06
599,Rheem 250L TE Electric Storage 192250Rx,RHEEM,Australia,2840.0,2019-04-24 21:57:06
600,192250Rx,RHEEM,Australia,2840.0,2019-04-24 21:57:06
601,192250Rx/B,RHEEM,Australia,2840.0,2019-04-24 21:57:06
602,Rheem 250L TE Electric Storage 192250Rx,RHEEM,Australia,2840.0,2019-04-24 21:57:06
603,1W1160Rx,RHEEM,Australia,2220.0,2019-04-24 21:57:06
604,1W1160Rx/B,RHEEM,Australia,2220.0,2019-04-24 21:57:06
605,Rheem 160L Squat Electric Storage 1W1160Rx,RHEEM,Australia,2220.0,2019-04-24 21:57:06
606,992315Rx,AquaMax,Australia,3120.0,2019-04-24 21:57:06
607,992315Rx/B,AquaMax,Australia,3120.0,2019-04-24 21:57:06
608,AquaMax 315L TE Electric Storage 992315Rx,AquaMax,Australia,3120.0,2019-04-24 21:57:06
609,191250Rx,RHEEM,Australia,2640.0,2019-04-24 21:57:06
610,191250Rx/B,RHEEM,Australia,2640.0,2019-04-24 21:57:06
611,Rheem 250L Electric Storage 191250Rx,RHEEM,Australia,2640.0,2019-04-24 21:57:06
612,191400Rx,RHEEM,Australia,3130.0,2019-04-24 21:57:06
613,191400Rx/B,RHEEM,Australia,3130.0,2019-04-24 21:57:06
614,Rheem 400L Electric Storage 191400Rx,RHEEM,Australia,3130.0,2019-04-24 21:57:06
615,191315Rx,RHEEM,Australia,2920.0,2019-04-24 21:57:06
616,191315Rx/B,RHEEM,Australia,2920.0,2019-04-24 21:57:06
617,Rheem 315L Electric Storage 191315Rx,RHEEM,Australia,2920.0,2019-04-24 21:57:06
618,491315Rx,Rheem Optima,Australia,2920.0,2019-04-24 21:57:06
619,491315Rx/B,Rheem Optima,Australia,2920.0,2019-04-24 21:57:06
620,Rheem 315L Optima Electric Storage 491315Rx,Rheem Optima,Australia,2920.0,2019-04-24 21:57:06
621,491400Rx,Rheem Optima,Australia,3130.0,2019-04-24 21:57:06
622,491400Rx/B,Rheem Optima,Australia,3130.0,2019-04-24 21:57:06
623,Rheem 400L Optima Electric Storage 491400Rx,Rheem Optima,Australia,3130.0,2019-04-24 21:57:06
624,491250Rx,Rheem Optima,Australia,2640.0,2019-04-24 21:57:06
625,491250Rx/B,Rheem Optima,Australia,2640.0,2019-04-24 21:57:06
626,Rheem 250L Optima Electric Storage 491250Rx,Rheem Optima,Australia,2640.0,2019-04-24 21:57:06
627,492400Rx,Rheem Optima,Australia,3330.0,2019-04-24 21:57:06
628,492400Rx/B,Rheem Optima,Australia,3330.0,2019-04-24 21:57:06
629,Rheem 400L TE Optima Electric Storage 492400Rx,Rheem Optima,Australia,3330.0,2019-04-24 21:57:06
630,192400Rx,RHEEM,Australia,3330.0,2019-04-24 21:57:06
631,192400Rx/B,RHEEM,Australia,3330.0,2019-04-24 21:57:06
632,Rheem 400L TE Electric Storage 192400Rx,RHEEM,Australia,3330.0,2019-04-24 21:57:06
633,9W1160Rx,AquaMax,Australia,2220.0,2019-04-24 21:57:06
634,9W1160Rx/B,AquaMax,Australia,2220.0,2019-04-24 21:57:06
635,AquaMax 160L Electric Storage 9W1160Rx,AquaMax,Australia,2220.0,2019-04-24 21:57:06
636,692250Rx,VULCAN,Australia,2840.0,2019-04-24 21:57:06
637,692250Rx/B,VULCAN,Australia,2840.0,2019-04-24 21:57:06
638,Vulcan 250L TE Electric Storage 692250Rx,VULCAN,Australia,2840.0,2019-04-24 21:57:06
639,692315Rx,VULCAN,Australia,3120.0,2019-04-24 21:57:06
640,692315Rx/B,VULCAN,Australia,3120.0,2019-04-24 21:57:06
641,Vulcan 315L TE Electric Storage 692315Rx,VULCAN,Australia,3120.0,2019-04-24 21:57:06
642,271160Rx,EVERHOT,Australia,2220.0,2019-04-24 21:57:06
643,271160Rx/B,EVERHOT,Australia,2220.0,2019-04-24 21:57:06
644,291160Rx,EVERHOT,Australia,2220.0,2019-04-24 21:57:06
645,291160Rx/B,EVERHOT,Australia,2220.0,2019-04-24 21:57:06
646,Everhot 160L Electric Storage,EVERHOT,Australia,2220.0,2019-04-24 21:57:06
647,971160Rx,AquaMax,Australia,2220.0,2019-04-24 21:57:06
648,971160Rx/B,AquaMax,Australia,2220.0,2019-04-24 21:57:06
649,991160Rx,AquaMax,Australia,2220.0,2019-04-24 21:57:06
650,991160Rx/B,AquaMax,Australia,2220.0,2019-04-24 21:57:06
651,AquaMax 160L Electric Storage 991160Rx,AquaMax,Australia,2220.0,2019-04-24 21:57:06
652,991250Rx,AquaMax,Australia,2640.0,2019-04-24 21:57:06
653,991250Rx/BL,AquaMax,Australia,2640.0,2019-04-24 21:57:06
654,AquaMax 250L Electric Storage 991250Rx,AquaMax,Australia,2640.0,2019-04-24 21:57:06
655,992400Rx,AquaMax,Australia,3330.0,2019-04-24 21:57:06
656,992400Rx/BL,AquaMax,Australia,3330.0,2019-04-24 21:57:06
657,AquaMax 400L TE Electric Storage 992400Rx,AquaMax,Australia,3330.0,2019-04-24 21:57:06
658,991400Rx,AquaMax,Australia,3130.0,2019-04-24 21:57:06
659,991400Rx/BL,AquaMax,Australia,3130.0,2019-04-24 21:57:06
660,AquaMax 400L Electric Storage 991400Rx,AquaMax,Australia,3130.0,2019-04-24 21:57:06
661,291080Rx,EVERHOT,Australia,1730.0,2019-04-24 21:57:06
662,291080Rx/BL,EVERHOT,Australia,1730.0,2019-04-24 21:57:06
663,Everhot 80L Electric Storage 291080Rx,EVERHOT,Australia,1730.0,2019-04-24 21:57:06
664,291125Rx,EVERHOT,Australia,2009.9999999999998,2019-04-24 21:57:06
665,291125Rx/BL,EVERHOT,Australia,2009.9999999999998,2019-04-24 21:57:06
666,Everhot 125L Electric Storage 291125Rx,EVERHOT,Australia,2009.9999999999998,2019-04-24 21:57:06
667,191160Rx,RHEEM,Australia,2220.0,2019-04-24 21:57:06
668,191160Rx/BL,RHEEM,Australia,2220.0,2019-04-24 21:57:06
669,Rheem 160L Electric Storage 191160Rx,RHEEM,Australia,2220.0,2019-04-24 21:57:06
670,191125Rx,RHEEM,Australia,2009.9999999999998,2019-04-24 21:57:06
671,191125Rx/BL,RHEEM,Australia,2009.9999999999998,2019-04-24 21:57:06
672,Rheem 125L Electric Storage 191125Rx,RHEEM,Australia,2009.9999999999998,2019-04-24 21:57:06
673,191080Rx,RHEEM,Australia,1730.0,2019-04-24 21:57:06
674,191080Rx/BL,RHEEM,Australia,1730.0,2019-04-24 21:57:06
675,Rheem 80L Electric Storage 191080Rx,RHEEM,Australia,1730.0,2019-04-24 21:57:06
676,492250Rx,Rheem Optima,Australia,2840.0,2019-04-24 21:57:06
677,492250Rx/BL,Rheem Optima,Australia,2840.0,2019-04-24 21:57:06
678,Rheem 250L TE Optima Electric Storage 492250Rx,Rheem Optima,Australia,2840.0,2019-04-24 21:57:06
679,192160Rx,RHEEM,Australia,2420.0,2019-04-24 21:57:06
680,192160Rx/BL,RHEEM,Australia,2420.0,2019-04-24 21:57:06
681,Rheem 160L TE Electric Storage 192160Rx,RHEEM,Australia,2420.0,2019-04-24 21:57:06
682,192315Rx,RHEEM,Australia,3120.0,2019-04-24 21:57:06
683,192315Rx/BL,RHEEM,Australia,3120.0,2019-04-24 21:57:06
684,Rheem 315L TE Electric Storage 192315Rx,RHEEM,Australia,3120.0,2019-04-24 21:57:06
685,991125Rx,AquaMax,Australia,2009.9999999999998,2019-04-24 21:57:06
686,991125Rx/BL,AquaMax,Australia,2009.9999999999998,2019-04-24 21:57:06
687,AquaMax 125L Electric Storage 991125Rx,AquaMax,Australia,2009.9999999999998,2019-04-24 21:57:06
688,991315Rx,AquaMax,Australia,2920.0,2019-04-24 21:57:06
689,991315Rx/BL,AquaMax,Australia,2920.0,2019-04-24 21:57:06
690,AquaMax 315L Electric Storage 991315Rx,AquaMax,Australia,2920.0,2019-04-24 21:57:06
691,992250Rx,AquaMax,Australia,2840.0,2019-04-24 21:57:06
692,992250Rx/BL,AquaMax,Australia,2840.0,2019-04-24 21:57:06
693,AquaMax 250L TE Electric Storage 992250Rx,AquaMax,Australia,2840.0,2019-04-24 21:57:06
694,291250Rx,EVERHOT,Australia,2640.0,2019-04-24 21:57:06
695,291250Rx/B,EVERHOT,Australia,2640.0,2019-04-24 21:57:06
696,Everhot 250L Electric Storage 291250Rx,EVERHOT,Australia,2640.0,2019-04-24 21:57:06
697,291315Rx,EVERHOT,Australia,2920.0,2019-04-24 21:57:06
698,291315Rx/BL,EVERHOT,Australia,2920.0,2019-04-24 21:57:06
699,Everhot 315L Electric Storage 291315Rx,EVERHOT,Australia,2920.0,2019-04-24 21:57:06
700,691080Rx,VULCAN,Australia,1730.0,2019-04-24 21:57:06
701,691080Rx/BL,VULCAN,Australia,1730.0,2019-04-24 21:57:06
702,Vulcan 80L Electric Storage 691080Rx,VULCAN,Australia,1730.0,2019-04-24 21:57:06
703,291400Rx,EVERHOT,Australia,3130.0,2019-04-24 21:57:06
704,291400Rx/BL,EVERHOT,Australia,3130.0,2019-04-24 21:57:06
705,Everhot 400L Electric Storage 291400Rx,EVERHOT,Australia,3130.0,2019-04-24 21:57:06
706,292250Rx,EVERHOT,Australia,2840.0,2019-04-24 21:57:06
707,292250Rx/BL,EVERHOT,Australia,2840.0,2019-04-24 21:57:06
708,Everhot 250L TE Electric Storage 292250Rx,EVERHOT,Australia,2840.0,2019-04-24 21:57:06
709,T3F136S,Thermann,Australia,2693.0,2019-04-24 21:57:06
710,T2F136S,Thermann,Australia,2266.0,2019-04-24 21:57:06
711,250A1,Radiant,Australia,2266.0,2019-04-24 21:57:06
712,250A118,Radiant,Australia,2266.0,2019-04-24 21:57:06
713,250A124,Radiant,Australia,2266.0,2019-04-24 21:57:06
714,250A136,Radiant,Australia,2266.0,2019-04-24 21:57:06
715,250A148,Radiant,Australia,2266.0,2019-04-24 21:57:06
716,T4F136S,Thermann,Australia,2832.0,2019-04-24 21:57:06
717,QRESS315,RINNAI,Australia,3320.0,2019-04-24 21:57:06
718,QRESS315L336,RINNAI,Australia,3320.0,2019-04-24 21:57:06
719,QRESS315L348,RINNAI,Australia,3320.0,2019-04-24 21:57:06
720,QRESS315L360,RINNAI,Australia,3320.0,2019-04-24 21:57:06
721,111025Vx,Rheem,Vietnam,1240.0,2019-04-24 21:57:06
722,111025Vx/BL,Rheem,Vietnam,1240.0,2019-04-24 21:57:06
723,111025Vx/P,Rheem,Vietnam,1240.0,2019-04-24 21:57:06
724,25L Compact Storage Water Heater,Rheem,Vietnam,1240.0,2019-04-24 21:57:06
725,491400G8,RHEEM,Australia,2700.0,2019-04-24 21:57:06
726,491400R7,RHEEM,Australia,2700.0,2019-04-24 21:57:06
727,491400R8,RHEEM,Australia,2700.0,2019-04-24 21:57:06
728,492400G8,RHEEM,Australia,2700.0,2019-04-24 21:57:06
729,492400R7,RHEEM,Australia,2700.0,2019-04-24 21:57:06
730,492400R8,RHEEM,Australia,2700.0,2019-04-24 21:57:06
731,49X400XX,RHEEM,Australia,2700.0,2019-04-24 21:57:06
732,896236,Atlantic,France,2210.0,2019-04-24 21:57:06
733,886101,Atlantic,France,2070.0,2019-04-24 21:57:06
734,160S (A),RINNAI,Australia,2220.0,2019-04-24 21:57:06
735,EHFA160S18,RINNAI,Australia,2220.0,2019-04-24 21:57:06
736,EHFA160S18H,RINNAI,Australia,2220.0,2019-04-24 21:57:06
737,EHFA160S24,RINNAI,Australia,2220.0,2019-04-24 21:57:06
738,EHFA160S24H,RINNAI,Australia,2220.0,2019-04-24 21:57:06
739,EHFA160S36,RINNAI,Australia,2220.0,2019-04-24 21:57:06
740,EHFA160S36H,RINNAI,Australia,2220.0,2019-04-24 21:57:06
741,ME180488E20,Rinnai,China,1760.0,2019-04-24 21:57:06
742,ME090488E30,Rinnai,China,1200.0,2019-04-24 21:57:06
743,ME215515E36,Rinnai,China,1884.0000000000002,2019-04-24 21:57:06
744,MS13555020,Rinnai,New Zealand,1440.0,2019-04-24 21:57:06
745,MS13555030,Rinnai,New Zealand,1440.0,2019-04-24 21:57:06
746,MS13555030S,Rinnai,New Zealand,1440.0,2019-04-24 21:57:06
747,MS18055020,Rinnai,New Zealand,1760.0,2019-04-24 21:57:06
748,MS18055020A,Rinnai,New Zealand,1760.0,2019-04-24 21:57:06
749,MS18055030,Rinnai,New Zealand,1760.0,2019-04-24 21:57:06
750,MS18055030A,Rinnai,New Zealand,1760.0,2019-04-24 21:57:06
751,MS18055030S,Rinnai,New Zealand,1760.0,2019-04-24 21:57:06
752,IM0501T36,ASTI,China,1280.0,2019-04-24 21:57:06
753,MS25055020,Rinnai,New Zealand,2060.0,2019-04-24 21:57:06
754,MS25055020A,Rinnai,New Zealand,2060.0,2019-04-24 21:57:06
755,MS25055030,Rinnai,New Zealand,2060.0,2019-04-24 21:57:06
756,MS25055030A,Rinnai,New Zealand,2060.0,2019-04-24 21:57:06
757,MS25055030S,Rinnai,New Zealand,2060.0,2019-04-24 21:57:06
758,MS250550CT20,Rinnai,New Zealand,2060.0,2019-04-24 21:57:06
759,MS250550CT30,Rinnai,New Zealand,2060.0,2019-04-24 21:57:06
760,MS250550U20,Rinnai,New Zealand,2060.0,2019-04-24 21:57:06
761,MS250550U20A,Rinnai,New Zealand,2060.0,2019-04-24 21:57:06
762,MS250550U30,Rinnai,New Zealand,2060.0,2019-04-24 21:57:06
763,MS250550U30A,Rinnai,New Zealand,2060.0,2019-04-24 21:57:06
764,ME18059020,Rinnai,New Zealand,1600.0,2019-04-24 21:57:06
765,ME25059020,Rinnai,New Zealand,2160.0,2019-04-24 21:57:06
766,ME25059030,Rinnai,New Zealand,2160.0,2019-04-24 21:57:06
767,ME250590D20,Rinnai,New Zealand,2160.0,2019-04-24 21:57:06
768,ME250590D30,Rinnai,New Zealand,2160.0,2019-04-24 21:57:06
769,ME13548820,Rinnai,New Zealand,1470.0,2019-04-24 21:57:06
770,ME13548830,Rinnai,New Zealand,1470.0,2019-04-24 21:57:06
771,ME13548830S,Rinnai,New Zealand,1470.0,2019-04-24 21:57:06
772,LC13551020,Rinnai,New Zealand,1400.0,2019-04-24 21:57:06
773,LC13553020,Rinnai,New Zealand,1400.0,2019-04-24 21:57:06
774,LC18051020,Rinnai,New Zealand,1600.0,2019-04-24 21:57:06
775,LC18051030,Rinnai,New Zealand,1600.0,2019-04-24 21:57:06
776,LCUS00934010,Rinnai,New Zealand,500.0,2019-04-24 21:57:06
777,LCUS01434010,Rinnai,New Zealand,600.0,2019-04-24 21:57:06
778,LCUS02234010,Rinnai,New Zealand,600.0,2019-04-24 21:57:06
779,LC18053020,Rinnai,New Zealand,1600.0,2019-04-24 21:57:06
780,LC18053030,Rinnai,New Zealand,1600.0,2019-04-24 21:57:06
781,ME18048830S,Rinnai,New Zealand,1760.0,2019-04-24 21:57:06
782,LS13555030S,Rinnai,China,1440.0,2019-04-24 21:57:06
783,LS18055030S,Rinnai,New Zealand,1760.0,2019-04-24 21:57:06
784,LS25055030S,Rinnai,New Zealand,2060.0,2019-04-24 21:57:06
785,ME275685E36,Rinnai,China,2100.0,2019-04-24 21:57:06
786,ME340685E36,Rinnai,China,2400.0,2019-04-24 21:57:06
787,LC04444520,Rinnai,New Zealand,800.0,2019-04-24 21:57:06
788,ME30055030,Rinnai,New Zealand,2360.0,2019-04-24 21:57:06
789,MS30055020,Rinnai,New Zealand,2360.0,2019-04-24 21:57:06
790,MS30055020A,Rinnai,New Zealand,2360.0,2019-04-24 21:57:06
791,MS30055030,Rinnai,New Zealand,2360.0,2019-04-24 21:57:06
792,MS30055030A,Rinnai,New Zealand,2360.0,2019-04-24 21:57:06
793,MS300550CT20,Rinnai,New Zealand,2360.0,2019-04-24 21:57:06
794,MS300550CT30,Rinnai,New Zealand,2360.0,2019-04-24 21:57:06
795,MS300550CTU20,Rinnai,New Zealand,2360.0,2019-04-24 21:57:06
796,MS300550CTU30,Rinnai,New Zealand,2360.0,2019-04-24 21:57:06
797,ME300550D30,Rinnai,New Zealand,2360.0,2019-04-24 21:57:06
798,MS300550CTD20,Rinnai,New Zealand,2360.0,2019-04-24 21:57:06
799,MS300550CTD30,Rinnai,New Zealand,2360.0,2019-04-24 21:57:06
800,MS300550D20,Rinnai,New Zealand,2360.0,2019-04-24 21:57:06
801,MS300550D20A,Rinnai,New Zealand,2360.0,2019-04-24 21:57:06
802,MS300550D30,Rinnai,New Zealand,2360.0,2019-04-24 21:57:06
803,MS300550D30A,Rinnai,New Zealand,2360.0,2019-04-24 21:57:06
804,MS300550CTU20,Rinnai,New Zealand,2360.0,2019-04-24 21:57:06
805,MS300550CTU30,Rinnai,New Zealand,2360.0,2019-04-24 21:57:06
806,MS300550U20,Rinnai,New Zealand,2360.0,2019-04-24 21:57:06
807,MS300550U20A,Rinnai,New Zealand,2360.0,2019-04-24 21:57:06
808,MS300550U30,Rinnai,New Zealand,2360.0,2019-04-24 21:57:06
809,MS300550U30A,Rinnai,New Zealand,2360.0,2019-04-24 21:57:06
810,MS250550CTD20,Rinnai,New Zealand,2060.0,2019-04-24 21:57:06
811,MS250550CTD30,Rinnai,New Zealand,2060.0,2019-04-24 21:57:06
812,MS250550D20,Rinnai,New Zealand,2060.0,2019-04-24 21:57:06
813,MS250550D20A,Rinnai,New Zealand,2060.0,2019-04-24 21:57:06
814,MS250550D30,Rinnai,New Zealand,2060.0,2019-04-24 21:57:06
815,MS250550D30A,Rinnai,New Zealand,2060.0,2019-04-24 21:57:06
816,MS250550CTU20,Rinnai,New Zealand,2060.0,2019-04-24 21:57:06
817,MS250550CTU30,Rinnai,New Zealand,2060.0,2019-04-24 21:57:06
818,MS250550U20,Rinnai,New Zealand,2060.0,2019-04-24 21:57:06
819,MS250550U20A,Rinnai,New Zealand,2060.0,2019-04-24 21:57:06
820,MS250550U30,Rinnai,New Zealand,2060.0,2019-04-24 21:57:06
821,MS250550U30A,Rinnai,New Zealand,2060.0,2019-04-24 21:57:06
822,ME30059020,Rinnai,New Zealand,2220.0,2019-04-24 21:57:06
823,ME30059030,Rinnai,New Zealand,2220.0,2019-04-24 21:57:06
824,ME300590D30,Rinnai,New Zealand,2220.0,2019-04-24 21:57:06
825,LC09043020,Rinnai,New Zealand,1127.0,2019-04-24 21:57:06
826,LC09050020,Rinnai,New Zealand,979.0000000000001,2019-04-24 21:57:06
827,LC09053020,Rinnai,New Zealand,920.0,2019-04-24 21:57:06
828,LC13555020,Rinnai,New Zealand,1400.0,2019-04-24 21:57:06
829,LC18054020,Rinnai,New Zealand,1553.0000000000002,2019-04-24 21:57:06
830,LC18054030,Rinnai,New Zealand,1553.0000000000002,2019-04-24 21:57:06
831,LC18055020,Rinnai,New Zealand,1460.9999999999998,2019-04-24 21:57:06
832,LC18055030,Rinnai,New Zealand,1460.9999999999998,2019-04-24 21:57:06
833,LC22555030,Rinnai,New Zealand,1781.9999999999998,2019-04-24 21:57:06
834,LCW13551020,Rinnai,New Zealand,1256.0,2019-04-24 21:57:06
835,LCW13553020,Rinnai,New Zealand,1246.0,2019-04-24 21:57:06
836,LCW13555020,Rinnai,New Zealand,1187.0,2019-04-24 21:57:06
837,LCW180510,Rinnai,New Zealand,1187.0,2019-04-24 21:57:06
838,LCW18051020,Rinnai,New Zealand,1187.0,2019-04-24 21:57:06
839,LCW18051030,Rinnai,New Zealand,1187.0,2019-04-24 21:57:06
840,LCW180530,Rinnai,New Zealand,1187.0,2019-04-24 21:57:06
841,LCW18053020,Rinnai,New Zealand,1187.0,2019-04-24 21:57:06
842,LCW18053030,Rinnai,New Zealand,1187.0,2019-04-24 21:57:06
843,18054-1ESP,Peter Cocks,New Zealand,1510.0,2019-04-24 21:57:06
844,18054-1ESP3,Peter Cocks,New Zealand,1510.0,2019-04-24 21:57:06
845,125X1,Dux Proflo,Australia,1745.0,2019-04-24 21:57:06
846,125X118,Dux Proflo,Australia,1745.0,2019-04-24 21:57:06
847,125X118H,Dux Proflo,Australia,1745.0,2019-04-24 21:57:06
848,125X136,Dux Proflo,Australia,1745.0,2019-04-24 21:57:06
849,125X136H,Dux Proflo,Australia,1745.0,2019-04-24 21:57:06
850,125THMC1,Thermann,Australia,1745.0,2019-04-24 21:57:06
851,125THMC118,Thermann,Australia,1745.0,2019-04-24 21:57:06
852,125THMC118H,Thermann,Australia,1745.0,2019-04-24 21:57:06
853,125THMC136,Thermann,Australia,1745.0,2019-04-24 21:57:06
854,125THMC136H,Thermann,Australia,1745.0,2019-04-24 21:57:06
855,LC22555030,Rinnai,New Zealand,1800.0,2019-04-24 21:57:06
856,LCW22555030,Rinnai,New Zealand,1800.0,2019-04-24 21:57:06
857,851240,Atlantic,Egypt,1240.0,2019-04-24 21:57:06
858,HFE315T,RINNAI,China,3050.0,2019-04-24 21:57:06
859,HFE315T18,RINNAI,China,3050.0,2019-04-24 21:57:06
860,HFE315T18H,RINNAI,China,3050.0,2019-04-24 21:57:06
861,HFE315T24,RINNAI,China,3050.0,2019-04-24 21:57:06
862,HFE315T24H,RINNAI,China,3050.0,2019-04-24 21:57:06
863,HFE315T36,RINNAI,China,3050.0,2019-04-24 21:57:06
864,HFE315T36H,RINNAI,China,3050.0,2019-04-24 21:57:06
865,HFE315T48,RINNAI,China,3050.0,2019-04-24 21:57:06
866,HFE315T48H,RINNAI,China,3050.0,2019-04-24 21:57:06
867,HFE400T,RINNAI,China,3030.0,2019-04-24 21:57:06
868,HFE400T18,RINNAI,China,3030.0,2019-04-24 21:57:06
869,HFE400T18H,RINNAI,China,3030.0,2019-04-24 21:57:06
870,HFE400T24,RINNAI,China,3030.0,2019-04-24 21:57:06
871,HFE400T24H,RINNAI,China,3030.0,2019-04-24 21:57:06
872,HFE400T36,RINNAI,China,3030.0,2019-04-24 21:57:06
873,HFE400T36H,RINNAI,China,3030.0,2019-04-24 21:57:06
874,HFE400T48,RINNAI,China,3030.0,2019-04-24 21:57:06
875,HFE400T48H,RINNAI,China,3030.0,2019-04-24 21:57:06
876,HFE160T,RINNAI,China,2210.0,2019-04-24 21:57:06
877,HFE160T18,RINNAI,China,2210.0,2019-04-24 21:57:06
878,HFE160T18H,RINNAI,China,2210.0,2019-04-24 21:57:06
879,HFE160T24,RINNAI,China,2210.0,2019-04-24 21:57:06
880,HFE160T24H,RINNAI,China,2210.0,2019-04-24 21:57:06
881,HFE160T36,RINNAI,China,2210.0,2019-04-24 21:57:06
882,HFE160T36H,RINNAI,China,2210.0,2019-04-24 21:57:06
883,HFE160T48,RINNAI,China,2210.0,2019-04-24 21:57:06
884,HFE160T48H,RINNAI,China,2210.0,2019-04-24 21:57:06
885,HFE250T,RINNAI,China,2690.0,2019-04-24 21:57:06
886,HFE250T18,RINNAI,China,2690.0,2019-04-24 21:57:06
887,HFE250T18H,RINNAI,China,2690.0,2019-04-24 21:57:06
888,HFE250T24,RINNAI,China,2690.0,2019-04-24 21:57:06
889,HFE250T24H,RINNAI,China,2690.0,2019-04-24 21:57:06
890,HFE250T36,RINNAI,China,2690.0,2019-04-24 21:57:06
891,HFE250T36H,RINNAI,China,2690.0,2019-04-24 21:57:06
892,HFE250T48,RINNAI,China,2690.0,2019-04-24 21:57:06
893,HFE250T48H,RINNAI,China,2690.0,2019-04-24 21:57:06
894,125A1,Radiant,Australia,1541.9999999999998,2019-04-24 21:57:06
895,125A118,Radiant,Australia,1541.9999999999998,2019-04-24 21:57:06
896,125A124,Radiant,Australia,1541.9999999999998,2019-04-24 21:57:06
897,125A136,Radiant,Australia,1541.9999999999998,2019-04-24 21:57:06
898,125A148,Radiant,Australia,1541.9999999999998,2019-04-24 21:57:06
899,125THM,Thermann,Australia,1541.9999999999998,2019-04-24 21:57:06
900,125THM118,Thermann,Australia,1541.9999999999998,2019-04-24 21:57:06
901,125THM124,Thermann,Australia,1541.9999999999998,2019-04-24 21:57:06
902,125THM136,Thermann,Australia,1541.9999999999998,2019-04-24 21:57:06
903,125THM148,Thermann,Australia,1541.9999999999998,2019-04-24 21:57:06
904,125THMB118,Thermann,Australia,1541.9999999999998,2019-04-24 21:57:06
905,125THMB118H,Thermann,Australia,1541.9999999999998,2019-04-24 21:57:06
906,125THMB136,Thermann,Australia,1541.9999999999998,2019-04-24 21:57:06
907,125THMB136H,Thermann,Australia,1541.9999999999998,2019-04-24 21:57:06
908,160THM,Thermann,Australia,1788.0,2019-04-24 21:57:06
909,160THM118,Thermann,Australia,1788.0,2019-04-24 21:57:06
910,160THM124,Thermann,Australia,1788.0,2019-04-24 21:57:06
911,160THM136,Thermann,Australia,1788.0,2019-04-24 21:57:06
912,160THM148,Thermann,Australia,1788.0,2019-04-24 21:57:06
913,160THMB124,Thermann,Australia,1788.0,2019-04-24 21:57:06
914,160THMB124H,Thermann,Australia,1788.0,2019-04-24 21:57:06
915,160THMB136,Thermann,Australia,1788.0,2019-04-24 21:57:06
916,160THMB136H,Thermann,Australia,1788.0,2019-04-24 21:57:06
917,250THMB2,Thermann,Australia,2480.0,2019-04-24 21:57:06
918,250THMB236,Thermann,Australia,2480.0,2019-04-24 21:57:06
919,250THMB236H,Thermann,Australia,2480.0,2019-04-24 21:57:06
920,250THMB248,Thermann,Australia,2480.0,2019-04-24 21:57:06
921,250THMB248H,Thermann,Australia,2480.0,2019-04-24 21:57:06
922,315THMB2,Thermann,Australia,2870.0,2019-04-24 21:57:06
923,315THMB236,Thermann,Australia,2870.0,2019-04-24 21:57:06
924,315THMB236H,Thermann,Australia,2870.0,2019-04-24 21:57:06
925,315THMB248,Thermann,Australia,2870.0,2019-04-24 21:57:06
926,315THMB248H,Thermann,Australia,2870.0,2019-04-24 21:57:06
927,400THMB2,Thermann,Australia,3040.0,2019-04-24 21:57:06
928,400THMB236,Thermann,Australia,3040.0,2019-04-24 21:57:06
929,400THMB236H,Thermann,Australia,3040.0,2019-04-24 21:57:06
930,400THMB248,Thermann,Australia,3040.0,2019-04-24 21:57:06
931,400THMB248H,Thermann,Australia,3040.0,2019-04-24 21:57:06
932,W8100401,RHEEM,"China,Australia",600.0,2019-04-24 21:57:06
933,W81004C1,RHEEM,"China,Australia",600.0,2019-04-24 21:57:06
934,Water Star,RHEEM,"China,Australia",600.0,2019-04-24 21:57:06
935,300SCB,Peter Cocks,New Zealand,2163.0000000000005,2019-04-24 21:57:06
936,300SCBR,Peter Cocks,New Zealand,2163.0000000000005,2019-04-24 21:57:06
937,300SDB,Peter Cocks,New Zealand,2163.0000000000005,2019-04-24 21:57:06
938,300STB,Peter Cocks,New Zealand,2163.0000000000005,2019-04-24 21:57:06
939,300STBR,Peter Cocks,New Zealand,2163.0000000000005,2019-04-24 21:57:06
940,300STCB,Peter Cocks,New Zealand,2163.0000000000005,2019-04-24 21:57:06
941,300STD,Peter Cocks,New Zealand,2163.0000000000005,2019-04-24 21:57:06
942,3560015LR,RHEEM,New Zealand,2163.0000000000005,2019-04-24 21:57:06
943,35630015DL,RHEEM,New Zealand,2163.0000000000005,2019-04-24 21:57:06
944,35630015LL,RHEEM,New Zealand,2163.0000000000005,2019-04-24 21:57:06
945,35630015ML,RHEEM,New Zealand,2163.0000000000005,2019-04-24 21:57:06
946,35630015MR,RHEEM,New Zealand,2163.0000000000005,2019-04-24 21:57:06
947,35630015XX,RHEEM,New Zealand,2163.0000000000005,2019-04-24 21:57:06
948,31209015,RHEEM,New Zealand,1022.9999999999999,2019-04-24 21:57:06
949,160T (A),RINNAI,Australia,2220.0,2019-04-24 21:57:06
950,EHFA160T36,RINNAI,Australia,2220.0,2019-04-24 21:57:06
951,EHFA160T36H,RINNAI,Australia,2220.0,2019-04-24 21:57:06
952,35625015DL,RHEEM,New Zealand,1734.0,2019-04-24 21:57:06
953,35625015LL,RHEEM,New Zealand,1734.0,2019-04-24 21:57:06
954,35625015LR,RHEEM,New Zealand,1734.0,2019-04-24 21:57:06
955,35625015ML,RHEEM,New Zealand,1734.0,2019-04-24 21:57:06
956,35625015MR,RHEEM,New Zealand,1734.0,2019-04-24 21:57:06
957,35625015XX,RHEEM,New Zealand,1734.0,2019-04-24 21:57:06
958,80THM,Thermann,Australia,1297.0,2019-04-24 21:57:06
959,80THM118,Thermann,Australia,1297.0,2019-04-24 21:57:06
960,80THM124,Thermann,Australia,1297.0,2019-04-24 21:57:06
961,80THM136,Thermann,Australia,1297.0,2019-04-24 21:57:06
962,80THM148,Thermann,Australia,1297.0,2019-04-24 21:57:06
963,80THMB118,Thermann,Australia,1297.0,2019-04-24 21:57:06
964,80THMB118H,Thermann,Australia,1297.0,2019-04-24 21:57:06
965,80THMB124,Thermann,Australia,1297.0,2019-04-24 21:57:06
966,80THMB124H,Thermann,Australia,1297.0,2019-04-24 21:57:06
967,80THMB136,Thermann,Australia,1297.0,2019-04-24 21:57:06
968,80THMB136H,Thermann,Australia,1297.0,2019-04-24 21:57:06
969,16T13513,RHEEM,New Zealand,1344.0,2019-04-24 21:57:06
970,31213513,RHEEM,New Zealand,1340.0,2019-04-24 21:57:06
971,31213515,RHEEM,New Zealand,1340.0,2019-04-24 21:57:06
972,312135XX,RHEEM,New Zealand,1340.0,2019-04-24 21:57:06
973,31204515,RHEEM,New Zealand,710.0,2019-04-24 21:57:06
974,31225015,RHEEM,New Zealand,1950.0,2019-04-24 21:57:06
975,31225025,RHEEM,New Zealand,2000.0,2019-04-24 21:57:06
976,31230015,RHEEM,New Zealand,2200.0,2019-04-24 21:57:06
977,31230033,RHEEM,New Zealand,2200.0,2019-04-24 21:57:06
978,31230055,RHEEM,New Zealand,2200.0,2019-04-24 21:57:06
979,312300XX,RHEEM,New Zealand,2200.0,2019-04-24 21:57:06
980,32518003-0,RHEEM,New Zealand,1600.0,2019-04-24 21:57:06
981,32518003-0H,RHEEM,New Zealand,1600.0,2019-04-24 21:57:06
982,32518005-0,RHEEM,New Zealand,1600.0,2019-04-24 21:57:06
983,32518005-0H,RHEEM,New Zealand,1600.0,2019-04-24 21:57:06
984,325180XX-XX,RHEEM,New Zealand,1600.0,2019-04-24 21:57:06
985,18t13513,RHEEM,New Zealand,1400.0,2019-04-24 21:57:06
986,MPE160,Qudos,Australia,1620.0,2019-04-24 21:57:06
987,MPS160,Qudos,Australia,1620.0,2019-04-24 21:57:06
988,Qudos,Qudos,Australia,1620.0,2019-04-24 21:57:06
989,MPE315,Qudos,Australia,2440.0,2019-04-24 21:57:06
990,MPS315,Qudos,Australia,2440.0,2019-04-24 21:57:06
991,Qudos,Qudos,Australia,2440.0,2019-04-24 21:57:06
992,125S,RINNAI,Australia,2009.9999999999998,2019-04-24 21:57:06
993,EHFA125S18,RINNAI,Australia,2009.9999999999998,2019-04-24 21:57:06
994,EHFA125S18H,RINNAI,Australia,2009.9999999999998,2019-04-24 21:57:06
995,EHFA125S24,RINNAI,Australia,2009.9999999999998,2019-04-24 21:57:06
996,EHFA125S24H,RINNAI,Australia,2009.9999999999998,2019-04-24 21:57:06
997,EHFA125S36,RINNAI,Australia,2009.9999999999998,2019-04-24 21:57:06
998,EHFA125S36H,RINNAI,Australia,2009.9999999999998,2019-04-24 21:57:06
999,14t18013,RHEEM,New Zealand,1600.0,2019-04-24 21:57:06
1000,14t18015,RHEEM,New Zealand,1600.0,2019-04-24 21:57:06
1001,14t180xx,RHEEM,New Zealand,1600.0,2019-04-24 21:57:06
